{
  "allowedWorlds": [
    "world",
    "world_nether",
    "world_end"
  ],
  "yourCurrentKillStreak": "&aYour current killstreak is %streak%",
  "playerCurrentKillStreak": "&a%player%'s current killstreak is %streak%",
  "newKillstreak": "&aYou have reached a new killsteak of %streak%",
  "resetKillstreak": "&cYour killstreak has been reset :(",
  "broadcastMessage": "&a&lKILLSTREAK >> %player% has reached a %streak% killstreak!",
  "killstreaks": {
    "3": [
      {
        "commands": [
          "eco give %player% 500"
        ],
        "weight": 0.5
      }
    ],
    "20": [
      {
        "commands": [
          "eco give %player% 500"
        ],
        "weight": 0.5
      }
    ],
    "5": [
      {
        "commands": [
          "eco give %player% 500"
        ],
        "weight": 0.5
      }
    ],
    "10": [
      {
        "commands": [
          "eco give %player% 500"
        ],
        "weight": 0.5
      }
    ],
    "15": [
      {
        "commands": [
          "eco give %player% 500"
        ],
        "weight": 0.5
      }
    ]
  }
}