{"stats":{"minecraft:custom":{"minecraft:time_since_rest":4109,"minecraft:crouch_one_cm":22,"minecraft:sprint_one_cm":32157,"minecraft:play_time":5926,"minecraft:walk_one_cm":10501,"minecraft:damage_taken":571,"minecraft:deaths":1,"minecraft:sneak_time":15,"minecraft:walk_under_water_one_cm":377,"minecraft:drop":2,"minecraft:jump":205,"minecraft:damage_dealt":331,"minecraft:leave_game":2,"minecraft:walk_on_water_one_cm":97,"minecraft:time_since_death":4085,"minecraft:total_world_time":5926,"minecraft:swim_one_cm":1621,"minecraft:interact_with_crafting_table":2,"minecraft:fall_one_cm":8009,"minecraft:fly_one_cm":42340,"minecraft:player_kills":1},"minecraft:picked_up":{"minecraft:stick":11,"minecraft:arrow":1,"minecraft:cooked_porkchop":2,"minecraft:torch":6,"minecraft:cooked_chicken":4,"minecraft:oak_log":6,"minecraft:oak_sapling":2,"minecraft:bone":2},"minecraft:used":{"minecraft:cooked_chicken":2,"minecraft:wooden_sword":5},"minecraft:killed_by":{"minecraft:player":1},"minecraft:crafted":{"minecraft:wooden_sword":1,"minecraft:oak_planks":24,"minecraft:stick":4,"minecraft:wooden_axe":1},"minecraft:mined":{"minecraft:grass":3,"minecraft:allium":1,"minecraft:oak_log":6,"minecraft:red_tulip":1,"minecraft:oak_leaves":1},"minecraft:dropped":{"minecraft:cooked_chicken":2}},"DataVersion":3465}