{"stats":{"minecraft:broken":{"minecraft:stone_sword":1,"minecraft:wooden_sword":1,"minecraft:wooden_axe":1,"minecraft:iron_hoe":1},"minecraft:custom":{"minecraft:mob_kills":54,"minecraft:interact_with_crafting_table":32,"minecraft:leave_game":1,"minecraft:time_since_death":34580,"minecraft:climb_one_cm":1628,"minecraft:sprint_one_cm":350590,"minecraft:walk_one_cm":264122,"minecraft:drop":24,"minecraft:play_time":140227,"minecraft:deaths":4,"minecraft:sneak_time":19395,"minecraft:walk_under_water_one_cm":22095,"minecraft:jump":1912,"minecraft:interact_with_blast_furnace":1,"minecraft:walk_on_water_one_cm":13806,"minecraft:total_world_time":140227,"minecraft:interact_with_furnace":18,"minecraft:time_since_rest":34659,"minecraft:damage_taken":3073,"minecraft:damage_dealt":10336,"minecraft:swim_one_cm":26686,"minecraft:fly_one_cm":224488,"minecraft:open_chest":29,"minecraft:crouch_one_cm":95548,"minecraft:fall_one_cm":66970},"minecraft:used":{"minecraft:cherry_sapling":15,"minecraft:stone_sword":131,"minecraft:iron_sword":93,"minecraft:torch":16,"minecraft:dirt":22,"minecraft:tuff":3,"minecraft:granite":3,"minecraft:iron_hoe":250,"minecraft:wooden_axe":40,"minecraft:bow":2,"minecraft:furnace":2,"minecraft:cobbled_deepslate":93,"sophisticatedbackpacks:gold_backpack":1,"minecraft:diorite":5,"minecraft:stone_pickaxe":72,"minecraft:blackstone":2,"minecraft:wooden_pickaxe":28,"minecraft:cherry_planks":5,"minecraft:white_wool":2,"minecraft:crafting_table":3,"minecraft:crossbow":13,"epicpaladins:arclight_pickaxe":225,"minecraft:bread":44,"minecraft:iron_pickaxe":101,"minecraft:wooden_sword":59,"minecraft:cobblestone":64,"minecraft:potion":1,"minecraft:andesite":8},"minecraft:killed":{"minecraft:spider":2,"luminousworld:sunken_skeleton":1,"minecraft:skeleton":16,"minecraft:zombie_villager":1,"minecraft:creeper":2,"minecraft:sheep":2,"minecraft:zombie":28,"alexsmobs:cockroach":1},"minecraft:picked_up":{"minecraft:chiseled_deepslate":1,"sophisticatedbackpacks:gold_backpack":1,"minecraft:crafting_table":2,"minecraft:wooden_pickaxe":1,"composite_material:warden_hand":1,"minecraft:string":56,"epicpaladins:bloodstone_gem":7,"minecraft:blackstone":2,"minecraft:deepslate_tiles":3,"minecraft:cobbled_deepslate":121,"minecraft:cyan_wool":1,"minecraft:blue_wool":2,"minecraft:stick":6,"minecraft:raw_iron":38,"epicpaladins:arclight_gem":5,"minecraft:cherry_log":16,"luminousworld:beastiary":1,"minecraft:diorite":5,"minecraft:rotten_flesh":18,"minecraft:arrow":15,"epicpaladins:cryorium_gem":1,"minecraft:light_blue_wool":4,"minecraft:deepslate_bricks":3,"minecraft:cracked_deepslate_bricks":1,"minecraft:mutton":4,"minecraft:cobblestone":72,"minecraft:white_wool":2,"minecraft:pink_petals":2,"minecraft:andesite":8,"luminousworld:ishstone":1,"alexsmobs:skreecher_soul":2,"minecraft:potato":1,"minecraft:tuff":3,"minecraft:gunpowder":3,"skilltree:gem":34,"minecraft:dirt":22,"minecraft:bone":16,"epicpaladins:arclight_pickaxe":1,"minecraft:gray_carpet":1,"minecraft:wheat_seeds":1,"minecraft:raw_gold":31,"alexsmobs:cockroach_wing_fragment":1,"minecraft:iron_ingot":1,"minecraft:stone_pickaxe":1,"minecraft:sculk_catalyst":1,"minecraft:spider_eye":1,"minecraft:iron_hoe":1,"minecraft:diamond":18,"minecraft:granite":3,"minecraft:cherry_sapling":15,"minecraft:gray_wool":3,"minecraft:coal":50},"minecraft:mined":{"minecraft:deepslate_tiles":3,"minecraft:tuff":3,"minecraft:light_blue_wool":9,"minecraft:deepslate_diamond_ore":18,"minecraft:cherry_log":16,"epicpaladins:cryorium_ore":1,"minecraft:sculk_vein":31,"sophisticatedbackpacks:gold_backpack":1,"minecraft:granite":3,"minecraft:grass_block":2,"minecraft:deepslate_bricks":3,"minecraft:blue_wool":11,"minecraft:spawner":1,"minecraft:magma_block":8,"minecraft:sculk_catalyst":2,"minecraft:iron_ore":12,"minecraft:andesite":8,"minecraft:chiseled_deepslate":1,"minecraft:sculk_shrieker":9,"minecraft:deepslate_iron_ore":26,"minecraft:stone":85,"minecraft:blackstone":3,"epicpaladins:deepslate_bloodstone_ore":4,"minecraft:crafting_table":2,"minecraft:sculk_sensor":3,"minecraft:cobblestone":2,"minecraft:deepslate_gold_ore":29,"minecraft:cracked_deepslate_bricks":1,"minecraft:sculk":265,"minecraft:diorite":5,"minecraft:pink_petals":1,"minecraft:cyan_wool":7,"minecraft:gray_wool":3,"epicpaladins:bloodstone_ore":3,"minecraft:coal_ore":50,"luminousworld:ishstone":1,"minecraft:dirt":7,"minecraft:cobweb":55,"epicpaladins:arclight_ore":1,"minecraft:deepslate":127},"minecraft:killed_by":{"minecraft:player":3,"minecraft:warden":1},"minecraft:dropped":{"minecraft:wheat_seeds":1,"minecraft:glass_bottle":1,"minecraft:diamond":3,"minecraft:cobblestone":1,"skilltree:gem":1,"minecraft:iron_leggings":1,"alexsmobs:skreecher_soul":1,"alexsmobs:animal_dictionary":1,"minecraft:cobbled_deepslate":2,"minecraft:pink_dye":2,"minecraft:wheat":11,"minecraft:rotten_flesh":18,"alexsmobs:cockroach_wing_fragment":1,"epicpaladins:arclight_pickaxe":1,"minecraft:spider_eye":1,"minecraft:stone_pickaxe":1,"minecraft:wooden_pickaxe":2,"luminousworld:beastiary":1},"minecraft:crafted":{"minecraft:cherry_planks":12,"minecraft:wooden_sword":1,"minecraft:furnace":2,"epicpaladins:arclight_pickaxe":1,"minecraft:pink_dye":2,"minecraft:iron_boots":1,"minecraft:stone_pickaxe":1,"minecraft:chest":1,"sophisticatedbackpacks:iron_backpack":1,"sophisticatedbackpacks:backpack":1,"skilltree:bone_quiver":1,"minecraft:crafting_table":1,"minecraft:spruce_planks":44,"minecraft:iron_sword":1,"sophisticatedbackpacks:gold_backpack":1,"minecraft:air":0,"sophisticatedbackpacks:diamond_backpack":1,"minecraft:stick":16,"minecraft:iron_ingot":45,"minecraft:iron_pickaxe":1,"minecraft:wooden_axe":1,"minecraft:stone_sword":1,"minecraft:iron_leggings":1,"minecraft:gold_ingot":18,"minecraft:torch":16}},"DataVersion":3465}