{"stats":{"minecraft:mined":{"minecraft:blast_furnace":1,"minecraft:grass_block":2,"minecraft:chest":1,"minecraft:spruce_leaves":2,"minecraft:sugar_cane":13,"minecraft:blue_bed":3,"minecraft:hay_block":38,"minecraft:purple_bed":4,"minecraft:grass":8,"minecraft:oak_log":2,"minecraft:dirt":2,"minecraft:fern":1},"minecraft:killed":{"minecraft:pig":4,"minecraft:salmon":2,"minecraft:spider":1,"minecraft:creeper":1,"minecraft:sheep":3,"minecraft:skeleton":1,"minecraft:zombie":1,"minecraft:cow":9},"minecraft:broken":{"minecraft:wooden_sword":1},"minecraft:used":{"minecraft:chest":4,"minecraft:wooden_pickaxe":3,"minecraft:blue_bed":3,"minecraft:iron_chestplate":1,"minecraft:salmon":2,"minecraft:dirt":45,"minecraft:crafting_table":2,"minecraft:carrot":7,"minecraft:bread":3,"minecraft:iron_helmet":1,"minecraft:wooden_sword":57,"minecraft:bow":6,"minecraft:beef":6,"minecraft:purple_bed":4,"minecraft:porkchop":4,"minecraft:cooked_beef":1},"minecraft:crafted":{"minecraft:cooked_beef":1,"minecraft:wooden_sword":1,"minecraft:oak_planks":8,"minecraft:crafting_table":2,"minecraft:spruce_planks":12,"minecraft:wooden_pickaxe":1,"minecraft:bread":114,"minecraft:air":0,"minecraft:stick":8,"minecraft:chest":2,"minecraft:dark_oak_planks":16,"minecraft:wheat":342},"minecraft:dropped":{"minecraft:iron_nugget":4,"minecraft:wheat":11,"minecraft:carrot":9,"minecraft:stick":5,"minecraft:beetroot_seeds":1},"minecraft:picked_up":{"minecraft:pink_petals":7,"minecraft:wheat":33,"minecraft:salmon":2,"minecraft:leather":30,"minecraft:potato":74,"minecraft:oak_log":2,"minecraft:gunpowder":10,"minecraft:dirt":61,"minecraft:string":1,"minecraft:blue_bed":5,"minecraft:paper":20,"minecraft:experience_bottle":4,"minecraft:bone":2,"minecraft:bow":2,"minecraft:wheat_seeds":5,"minecraft:spruce_planks":6,"minecraft:beef":27,"minecraft:iron_nugget":12,"minecraft:sugar_cane":81,"minecraft:chest":2,"minecraft:stick":15,"minecraft:porkchop":19,"minecraft:cherry_log":3,"minecraft:blast_furnace":3,"minecraft:spruce_log":22,"minecraft:carrot":27,"minecraft:spider_eye":5,"minecraft:rotten_flesh":11,"minecraft:arrow":7,"minecraft:purple_bed":4,"minecraft:beetroot_seeds":4,"minecraft:pumpkin_pie":2,"minecraft:hay_block":38,"minecraft:crossbow":2,"minecraft:emerald":6,"minecraft:bread":135,"minecraft:mutton":8,"minecraft:white_wool":9},"minecraft:killed_by":{"minecraft:skeleton":1,"minecraft:creeper":1},"minecraft:custom":{"minecraft:interact_with_smithing_table":1,"minecraft:mob_kills":28,"minecraft:animals_bred":2,"minecraft:interact_with_crafting_table":5,"minecraft:interact_with_cartography_table":1,"minecraft:leave_game":1,"minecraft:time_since_death":2949,"minecraft:sleep_in_bed":3,"minecraft:climb_one_cm":315,"minecraft:time_since_rest":2984,"minecraft:sprint_one_cm":202970,"minecraft:damage_taken":919,"minecraft:walk_one_cm":100608,"minecraft:drop":5,"minecraft:damage_dealt":2003,"minecraft:swim_one_cm":62311,"minecraft:fly_one_cm":220387,"minecraft:player_kills":1,"minecraft:open_chest":20,"minecraft:crouch_one_cm":1195,"minecraft:play_time":47851,"minecraft:deaths":2,"minecraft:sneak_time":419,"minecraft:walk_under_water_one_cm":8582,"minecraft:jump":1111,"minecraft:interact_with_blast_furnace":1,"minecraft:walk_on_water_one_cm":13685,"minecraft:total_world_time":47851,"minecraft:interact_with_smoker":3,"minecraft:fall_one_cm":35338}},"DataVersion":3465}