{"stats":{"minecraft:custom":{"minecraft:interact_with_furnace":16,"minecraft:mob_kills":40,"minecraft:interact_with_crafting_table":28,"minecraft:leave_game":2,"minecraft:time_since_death":8679,"minecraft:sleep_in_bed":2,"minecraft:time_since_rest":37,"minecraft:sprint_one_cm":330067,"minecraft:damage_taken":2237,"minecraft:walk_one_cm":214089,"minecraft:damage_blocked_by_shield":375,"minecraft:drop":30,"minecraft:damage_dealt":4539,"minecraft:swim_one_cm":52246,"minecraft:fly_one_cm":256928,"minecraft:open_chest":15,"minecraft:crouch_one_cm":9,"minecraft:play_time":90984,"minecraft:deaths":4,"minecraft:sneak_time":134,"minecraft:walk_under_water_one_cm":14770,"minecraft:jump":1693,"minecraft:interact_with_blast_furnace":2,"minecraft:walk_on_water_one_cm":46576,"minecraft:total_world_time":90984,"minecraft:fall_one_cm":42228},"minecraft:used":{"minecraft:cooked_mutton":1,"minecraft:stone_sword":67,"minecraft:stone_pickaxe":51,"minecraft:stone_shovel":8,"minecraft:chest":1,"minecraft:shield":14,"minecraft:wooden_pickaxe":16,"minecraft:cooked_chicken":4,"minecraft:torch":11,"minecraft:dirt":16,"minecraft:crafting_table":7,"minecraft:white_bed":2,"minecraft:wooden_axe":24,"minecraft:bread":3,"minecraft:iron_pickaxe":17,"minecraft:pink_petals":1,"minecraft:stone_axe":66,"minecraft:wooden_sword":4,"minecraft:cooked_porkchop":8,"minecraft:furnace":3,"luminousworld:cooked_trout":2,"alexsmobs:animal_dictionary":1,"minecraft:experience_bottle":2},"minecraft:killed":{"minecraft:pig":5,"minecraft:zombie_villager":1,"alexsmobs:raccoon":1,"minecraft:spider":4,"luminousworld:swallowtail":1,"luminousworld:trout_fish":2,"minecraft:skeleton":2,"minecraft:sheep":5,"minecraft:zombie":10,"minecraft:chicken":4,"minecraft:cow":3},"minecraft:picked_up":{"minecraft:wooden_axe":1,"minecraft:wheat":11,"minecraft:pink_petals":23,"minecraft:crafting_table":8,"minecraft:feather":2,"minecraft:chicken":4,"minecraft:suspicious_stew":1,"minecraft:leather":4,"minecraft:wooden_pickaxe":2,"minecraft:potato":37,"luminousworld:trout":2,"minecraft:oak_log":17,"minecraft:shield":1,"minecraft:gunpowder":3,"minecraft:blue_bed":1,"minecraft:string":4,"skilltree:gem":5,"minecraft:dirt":94,"minecraft:paper":10,"minecraft:wooden_sword":1,"minecraft:cooked_mutton":3,"minecraft:bone":4,"minecraft:wheat_seeds":13,"minecraft:stone_pickaxe":1,"minecraft:iron_ingot":1,"minecraft:beef":16,"minecraft:iron_nugget":4,"minecraft:iron_pickaxe":1,"minecraft:sugar_cane":27,"minecraft:chest":1,"minecraft:furnace":4,"minecraft:stick":3,"minecraft:raw_iron":9,"minecraft:cooked_porkchop":4,"minecraft:torch":21,"minecraft:gravel":4,"minecraft:porkchop":7,"minecraft:leather_helmet":1,"minecraft:carrot":9,"minecraft:cherry_log":34,"minecraft:white_bed":2,"minecraft:spruce_log":2,"minecraft:stone_shovel":1,"minecraft:stone_sword":1,"minecraft:spider_eye":2,"alexsmobs:animal_dictionary":3,"minecraft:purple_bed":2,"luminousworld:white_oak_sapling":1,"minecraft:arrow":1,"minecraft:rotten_flesh":25,"minecraft:stone_axe":3,"minecraft:pumpkin_pie":2,"minecraft:cherry_sapling":24,"minecraft:bread":36,"minecraft:emerald":7,"minecraft:oak_sapling":8,"minecraft:mutton":11,"minecraft:coal":51,"minecraft:white_wool":13,"minecraft:cobblestone":56},"minecraft:mined":{"minecraft:white_bed":1,"minecraft:cherry_log":17,"minecraft:crafting_table":7,"minecraft:emerald_ore":2,"minecraft:grass_block":14,"minecraft:tall_grass":5,"minecraft:cobblestone":1,"minecraft:spruce_leaves":3,"minecraft:pink_petals":2,"minecraft:furnace":3,"minecraft:iron_ore":7,"minecraft:spruce_log":2,"minecraft:birch_leaves":2,"minecraft:grass":16,"minecraft:coal_ore":28,"minecraft:oak_log":25,"minecraft:gravel":1,"minecraft:dirt":9,"luminousworld:grassvariant_3":1,"minecraft:stone":24,"minecraft:oak_leaves":5},"minecraft:killed_by":{"minecraft:creeper":1,"minecraft:witch":1,"minecraft:drowned":1},"minecraft:dropped":{"minecraft:stone_axe":3,"minecraft:wheat_seeds":6,"alexsmobs:animal_dictionary":1,"luminousworld:white_oak_sapling":1,"minecraft:rotten_flesh":15,"minecraft:cooked_mutton":1,"minecraft:stick":1,"minecraft:wooden_axe":2,"minecraft:oak_sapling":8,"minecraft:wooden_sword":2,"minecraft:arrow":1,"minecraft:wooden_pickaxe":1,"minecraft:pink_petals":7},"minecraft:crafted":{"minecraft:wooden_sword":1,"minecraft:oak_planks":176,"minecraft:stone_shovel":1,"sophisticatedbackpacks:backpack":1,"minecraft:cooked_porkchop":12,"minecraft:crafting_table":1,"minecraft:spruce_planks":8,"minecraft:wooden_pickaxe":1,"minecraft:cooked_chicken":4,"minecraft:furnace":1,"luminousworld:cooked_trout":2,"minecraft:stone_axe":2,"minecraft:cooked_mutton":3,"minecraft:air":0,"minecraft:shield":1,"minecraft:stick":24,"minecraft:iron_ingot":5,"minecraft:iron_pickaxe":1,"minecraft:stone_pickaxe":1,"minecraft:wooden_axe":1,"minecraft:stone_sword":1,"minecraft:chest":1,"minecraft:white_bed":1,"minecraft:torch":32}},"DataVersion":3465}