{"stats":{"minecraft:picked_up":{"minecraft:pink_petals":14,"minecraft:crafting_table":1,"minecraft:sweet_berries":36,"minecraft:spruce_sapling":1,"minecraft:spruce_log":20,"minecraft:dirt":1,"minecraft:rotten_flesh":4,"minecraft:wheat_seeds":1,"minecraft:coal":23,"minecraft:cobblestone":25},"minecraft:mined":{"minecraft:pink_petals":4,"minecraft:sweet_berry_bush":16,"minecraft:spruce_log":20,"minecraft:crafting_table":1,"minecraft:grass_block":1,"minecraft:coal_ore":23,"minecraft:cobblestone":1,"minecraft:spruce_leaves":9,"minecraft:stone":24,"minecraft:fern":2},"minecraft:crafted":{"minecraft:crafting_table":1,"minecraft:spruce_planks":52,"minecraft:stick":4,"minecraft:wooden_pickaxe":1,"minecraft:wooden_axe":1},"minecraft:killed_by":{"minecraft:player":1},"minecraft:used":{"minecraft:wooden_axe":29,"minecraft:wooden_pickaxe":48,"minecraft:spruce_sapling":1,"minecraft:cobblestone":10,"minecraft:sweet_berries":36,"minecraft:crafting_table":1},"minecraft:custom":{"minecraft:time_since_rest":19688,"minecraft:sprint_one_cm":49314,"minecraft:damage_taken":835,"minecraft:walk_one_cm":51824,"minecraft:mob_kills":3,"minecraft:drop":2,"minecraft:damage_dealt":724,"minecraft:swim_one_cm":3720,"minecraft:interact_with_crafting_table":1,"minecraft:fly_one_cm":99472,"minecraft:open_chest":2,"minecraft:crouch_one_cm":2945,"minecraft:play_time":51226,"minecraft:deaths":2,"minecraft:sneak_time":1370,"minecraft:walk_under_water_one_cm":3745,"minecraft:jump":567,"minecraft:leave_game":4,"minecraft:walk_on_water_one_cm":14687,"minecraft:time_since_death":21192,"minecraft:sleep_in_bed":2,"minecraft:total_world_time":51226,"minecraft:fall_one_cm":13985},"minecraft:dropped":{"minecraft:wheat_seeds":1,"minecraft:fire_charge":1},"minecraft:killed":{"minecraft:zombie":1,"minecraft:spider":1}},"DataVersion":3465}