{"stats":{"minecraft:broken":{"minecraft:wooden_pickaxe":1,"minecraft:stone_pickaxe":1,"minecraft:wooden_axe":2,"minecraft:iron_hoe":1},"minecraft:custom":{"minecraft:mob_kills":65,"minecraft:interact_with_crafting_table":48,"minecraft:damage_dealt_resisted":551,"minecraft:leave_game":5,"minecraft:time_since_death":22503,"minecraft:sprint_one_cm":184515,"minecraft:walk_one_cm":289740,"minecraft:damage_blocked_by_shield":975,"minecraft:drop":47,"minecraft:damage_dealt_absorbed":144,"minecraft:play_time":155315,"minecraft:sneak_time":22040,"minecraft:deaths":4,"minecraft:walk_under_water_one_cm":6444,"minecraft:jump":2080,"minecraft:interact_with_blast_furnace":7,"minecraft:walk_on_water_one_cm":9603,"minecraft:total_world_time":155315,"minecraft:interact_with_furnace":29,"minecraft:sleep_in_bed":4,"minecraft:time_since_rest":5640,"minecraft:damage_taken":2411,"minecraft:damage_dealt":16416,"minecraft:swim_one_cm":678,"minecraft:player_kills":3,"minecraft:fly_one_cm":375370,"minecraft:open_chest":15,"minecraft:crouch_one_cm":80226,"minecraft:fall_one_cm":60519},"minecraft:used":{"minecraft:cherry_boat":2,"minecraft:cherry_sapling":18,"minecraft:stone_sword":89,"minecraft:diamond_hoe":847,"minecraft:chest":2,"minecraft:shield":32,"minecraft:iron_sword":66,"minecraft:torch":1,"minecraft:dirt":17,"minecraft:granite":5,"epicpaladins:arclight_sword":154,"minecraft:iron_hoe":250,"minecraft:wooden_axe":117,"minecraft:grass_block":2,"minecraft:bow":2,"minecraft:furnace":3,"minecraft:cooked_beef":2,"minecraft:cherry_log":1,"minecraft:stone_pickaxe":131,"minecraft:wooden_pickaxe":59,"minecraft:cherry_planks":21,"minecraft:sand":1,"minecraft:crafting_table":9,"minecraft:blast_furnace":1,"minecraft:white_bed":1,"epicpaladins:arclight_pickaxe":146,"minecraft:bread":34,"minecraft:iron_pickaxe":145,"minecraft:stone_axe":7,"minecraft:pink_petals":15,"minecraft:cobblestone":71,"alexsmobs:animal_dictionary":1},"minecraft:killed":{"luminousworld:miner_zombie":2,"minecraft:witch":1,"luminousworld:penguin":2,"minecraft:spider":8,"minecraft:skeleton":10,"alexsmobs:underminer":1,"alexsmobs:skreecher":1,"minecraft:warden":1,"minecraft:pig":2,"minecraft:creeper":1,"minecraft:sheep":2,"minecraft:zombie":20,"luminousworld:dark_oak_zombie":2,"minecraft:cow":8,"minecraft:enderman":2},"minecraft:picked_up":{"luminousworld:groundpebbles_1":1,"minecraft:crafting_table":7,"composite_material:warden_hand":2,"minecraft:string":15,"minecraft:raw_copper":8,"minecraft:iron_leggings":1,"epicpaladins:bloodstone_gem":8,"minecraft:blackstone":5,"minecraft:cherry_boat":2,"minecraft:cobbled_deepslate":40,"minecraft:beef":16,"minecraft:furnace":3,"minecraft:raw_iron":69,"minecraft:stick":38,"epicpaladins:arclight_gem":12,"minecraft:porkchop":5,"minecraft:cherry_log":52,"luminousworld:beastiary":1,"minecraft:pointed_dripstone":3,"minecraft:redstone":4,"minecraft:rotten_flesh":31,"luminousworld:decorative_brown_mushroom_1":1,"minecraft:arrow":7,"epicpaladins:cryorium_gem":9,"minecraft:mutton":3,"minecraft:white_wool":2,"minecraft:cobblestone":163,"minecraft:pink_petals":15,"minecraft:leather":8,"alexsmobs:skreecher_soul":2,"minecraft:tuff":2,"minecraft:oak_log":27,"skilltree:gem":40,"minecraft:lapis_lazuli":191,"minecraft:dirt":19,"minecraft:bone":8,"epicpaladins:arclight_pickaxe":1,"minecraft:apple":4,"minecraft:bow":2,"minecraft:wheat_seeds":5,"minecraft:raw_gold":33,"minecraft:glowstone_dust":1,"minecraft:sculk_catalyst":1,"minecraft:dripstone_block":1,"minecraft:gravel":1,"minecraft:white_bed":1,"minecraft:dark_oak_log":32,"minecraft:diamond":12,"minecraft:granite":15,"minecraft:cherry_sapling":23,"minecraft:gray_wool":9,"minecraft:emerald":2,"minecraft:oak_sapling":7,"minecraft:coal":96,"minecraft:ender_pearl":1},"minecraft:mined":{"luminousworld:groundpebbles_1":1,"minecraft:tuff":2,"minecraft:mossy_cobblestone":2,"minecraft:deepslate_diamond_ore":7,"minecraft:cherry_log":51,"minecraft:sculk_vein":98,"minecraft:dark_oak_log":32,"minecraft:granite":15,"minecraft:grass_block":2,"luminousworld:decorative_brown_mushroom_1":1,"minecraft:spawner":1,"epicpaladins:deepslate_arclight_ore":12,"minecraft:large_fern":2,"minecraft:furnace":3,"minecraft:iron_ore":34,"minecraft:deepslate_lapis_ore":22,"minecraft:sculk_shrieker":2,"minecraft:deepslate_iron_ore":38,"minecraft:rail":1,"minecraft:stone":164,"minecraft:deepslate_redstone_ore":1,"minecraft:blackstone":4,"epicpaladins:deepslate_bloodstone_ore":6,"minecraft:crafting_table":7,"minecraft:sculk_sensor":19,"minecraft:tall_grass":1,"minecraft:copper_ore":2,"minecraft:cobblestone":5,"minecraft:lapis_ore":5,"minecraft:deepslate_gold_ore":35,"minecraft:sculk":1038,"minecraft:pink_petals":4,"minecraft:gray_wool":12,"epicpaladins:deepslate_cryorium_ore":10,"minecraft:grass":8,"minecraft:coal_ore":38,"minecraft:oak_log":27,"minecraft:dripstone_block":1,"minecraft:dirt":1,"minecraft:cobweb":10,"minecraft:deepslate_emerald_ore":2,"minecraft:deepslate":40},"minecraft:killed_by":{"minecraft:enderman":1,"minecraft:warden":3},"minecraft:dropped":{"minecraft:wheat_seeds":2,"minecraft:diamond":2,"minecraft:cobblestone":64,"minecraft:granite":4,"luminousworld:decorative_brown_mushroom_1":1,"minecraft:dirt":1,"minecraft:sculk_catalyst":1,"skilltree:gem":5,"epicpaladins:cryorium_gem":9,"composite_material:warden_hand":2,"minecraft:white_wool":2,"epicpaladins:arclight_gem":4,"minecraft:gravel":1,"alexsmobs:skreecher_soul":2,"minecraft:blackstone":3,"minecraft:stone_sword":1,"minecraft:cobbled_deepslate":40,"minecraft:tuff":1,"epicpaladins:bloodstone_gem":3,"minecraft:rotten_flesh":3,"minecraft:iron_hoe":1,"luminousworld:groundpebbles_1":1,"epicpaladins:arclight_pickaxe":1,"minecraft:arrow":1,"luminousworld:beastiary":1},"minecraft:crafted":{"epicpaladins:arclight_sword":1,"minecraft:cherry_planks":204,"minecraft:diamond_hoe":1,"minecraft:furnace":2,"minecraft:cherry_boat":1,"epicpaladins:arclight_pickaxe":1,"sophisticatedbackpacks:crafting_upgrade":1,"minecraft:iron_boots":1,"minecraft:iron_hoe":2,"minecraft:stone_pickaxe":1,"minecraft:chest":4,"sophisticatedbackpacks:iron_backpack":1,"minecraft:cooked_beef":16,"sophisticatedbackpacks:backpack":1,"minecraft:crafting_table":4,"minecraft:wooden_pickaxe":1,"minecraft:iron_helmet":1,"minecraft:iron_sword":1,"sophisticatedbackpacks:gold_backpack":1,"minecraft:bucket":1,"minecraft:stone_axe":1,"sophisticatedbackpacks:upgrade_base":1,"minecraft:air":0,"minecraft:iron_chestplate":1,"minecraft:shield":1,"sophisticatedbackpacks:diamond_backpack":1,"minecraft:stick":4,"minecraft:iron_ingot":52,"minecraft:iron_pickaxe":2,"minecraft:wooden_axe":2,"minecraft:stone_sword":1,"minecraft:iron_leggings":1,"minecraft:gold_ingot":21}},"DataVersion":3465}