{"stats":{"minecraft:custom":{"minecraft:jump":308,"minecraft:time_since_rest":67989,"minecraft:damage_dealt":19,"minecraft:leave_game":8,"minecraft:play_time":67989,"minecraft:crouch_one_cm":532,"minecraft:sprint_one_cm":17571,"minecraft:damage_taken":10,"minecraft:time_since_death":67989,"minecraft:walk_one_cm":34180,"minecraft:sneak_time":393,"minecraft:total_world_time":67989,"minecraft:fall_one_cm":753,"minecraft:drop":1,"minecraft:fly_one_cm":80087},"minecraft:used":{"minecraft:grass_block":2},"minecraft:picked_up":{"minecraft:dirt":7},"minecraft:mined":{"minecraft:grass_block":1},"minecraft:dropped":{"minecraft:dirt":1}},"DataVersion":3465}