{"stats":{"minecraft:custom":{"minecraft:jump":270,"minecraft:time_since_rest":51916,"minecraft:damage_dealt":19,"minecraft:crouch_one_cm":532,"minecraft:leave_game":5,"minecraft:play_time":51916,"minecraft:sprint_one_cm":14576,"minecraft:damage_taken":10,"minecraft:time_since_death":51916,"minecraft:walk_one_cm":30545,"minecraft:sneak_time":354,"minecraft:total_world_time":51916,"minecraft:drop":1,"minecraft:fall_one_cm":753,"minecraft:fly_one_cm":71314},"minecraft:used":{"minecraft:grass_block":2},"minecraft:picked_up":{"minecraft:dirt":5},"minecraft:mined":{"minecraft:grass_block":1},"minecraft:dropped":{"minecraft:dirt":1}},"DataVersion":3465}