{"stats":{"minecraft:mined":{"minecraft:large_fern":3,"minecraft:brown_mushroom":1,"minecraft:wheat":9,"minecraft:sweet_berry_bush":14,"minecraft:spruce_log":14,"minecraft:pumpkin":17,"minecraft:crafting_table":1,"minecraft:grass":31,"minecraft:grass_block":9,"minecraft:oak_log":10,"minecraft:dirt":5,"minecraft:spruce_leaves":54,"minecraft:oak_planks":3,"minecraft:oak_leaves":1,"minecraft:fern":2},"minecraft:killed":{"minecraft:zombie":1,"minecraft:zombie_villager":2,"minecraft:spider":1,"minecraft:cow":3},"minecraft:used":{"minecraft:wooden_axe":25,"minecraft:oak_planks":3,"minecraft:wooden_pickaxe":1,"minecraft:rotten_flesh":3,"minecraft:wooden_sword":9,"minecraft:dirt":7,"minecraft:beef":5,"minecraft:sweet_berries":47,"minecraft:crafting_table":1},"minecraft:crafted":{"minecraft:wooden_sword":1,"minecraft:oak_planks":32,"minecraft:crafting_table":1,"minecraft:stick":12,"minecraft:wooden_pickaxe":1,"minecraft:wooden_axe":1},"minecraft:picked_up":{"minecraft:stick":2,"minecraft:wheat":9,"minecraft:crafting_table":1,"minecraft:sweet_berries":44,"minecraft:pumpkin":17,"minecraft:leather":1,"minecraft:brown_mushroom":1,"minecraft:oak_log":9,"minecraft:spruce_sapling":1,"minecraft:spruce_log":16,"minecraft:dirt":13,"minecraft:spider_eye":1,"minecraft:string":2,"minecraft:rotten_flesh":3,"minecraft:wheat_seeds":26,"minecraft:beef":5,"minecraft:oak_planks":3},"minecraft:custom":{"minecraft:time_since_rest":7587,"minecraft:sprint_one_cm":33177,"minecraft:damage_taken":205,"minecraft:walk_one_cm":62070,"minecraft:mob_kills":7,"minecraft:damage_dealt":883,"minecraft:swim_one_cm":31446,"minecraft:interact_with_crafting_table":1,"minecraft:fly_one_cm":33653,"minecraft:open_chest":2,"minecraft:crouch_one_cm":1081,"minecraft:play_time":26203,"minecraft:sneak_time":229,"minecraft:walk_under_water_one_cm":1161,"minecraft:jump":183,"minecraft:leave_game":1,"minecraft:time_since_death":26203,"minecraft:walk_on_water_one_cm":4772,"minecraft:sleep_in_bed":1,"minecraft:total_world_time":26203,"minecraft:fall_one_cm":3046}},"DataVersion":3465}