{"stats":{"minecraft:broken":{"minecraft:wooden_shovel":1,"minecraft:stone_shovel":2},"minecraft:custom":{"minecraft:time_since_rest":37607,"minecraft:interact_with_furnace":15,"minecraft:sprint_one_cm":64316,"minecraft:damage_taken":354,"minecraft:walk_one_cm":164282,"minecraft:mob_kills":20,"minecraft:damage_dealt":2720,"minecraft:interact_with_crafting_table":10,"minecraft:fly_one_cm":88184,"minecraft:crouch_one_cm":1717,"minecraft:play_time":37607,"minecraft:sneak_time":506,"minecraft:jump":440,"minecraft:leave_game":2,"minecraft:time_since_death":37607,"minecraft:total_world_time":37607,"minecraft:fall_one_cm":15259},"minecraft:used":{"minecraft:wooden_axe":29,"minecraft:stone_sword":79,"minecraft:apple":1,"minecraft:stone_pickaxe":33,"minecraft:stone_shovel":270,"minecraft:wooden_pickaxe":36,"minecraft:wooden_shovel":63,"minecraft:stone_axe":5,"minecraft:dirt":221,"minecraft:crafting_table":1,"minecraft:furnace":1,"minecraft:oak_sapling":6,"minecraft:cooked_porkchop":4,"minecraft:pumpkin":5},"minecraft:picked_up":{"minecraft:stick":6,"minecraft:feather":3,"minecraft:chicken":4,"minecraft:pumpkin":22,"minecraft:andesite":9,"minecraft:porkchop":10,"minecraft:oak_log":20,"minecraft:gunpowder":2,"minecraft:spider_eye":1,"minecraft:dirt":421,"minecraft:string":3,"minecraft:bone":1,"minecraft:arrow":4,"minecraft:rotten_flesh":4,"minecraft:apple":2,"minecraft:wheat_seeds":21,"minecraft:oak_sapling":9,"minecraft:cobblestone":60},"minecraft:crafted":{"minecraft:oak_planks":40,"minecraft:wooden_shovel":1,"minecraft:stone_shovel":3,"minecraft:charcoal":9,"minecraft:cooked_porkchop":10,"minecraft:crafting_table":2,"minecraft:stick":12,"minecraft:cooked_chicken":4,"minecraft:wooden_pickaxe":1,"minecraft:stone_pickaxe":1,"minecraft:wooden_axe":1,"minecraft:stone_sword":1,"minecraft:furnace":1,"minecraft:stone_axe":1},"minecraft:killed":{"minecraft:skeleton":3,"minecraft:zombie":3,"minecraft:pig":4,"minecraft:chicken":4,"minecraft:spider":3,"minecraft:creeper":2},"minecraft:mined":{"minecraft:oak_sapling":1,"minecraft:andesite":9,"minecraft:pumpkin":22,"minecraft:grass":104,"minecraft:grass_block":337,"minecraft:oak_log":18,"minecraft:dirt":53,"minecraft:tall_grass":16,"minecraft:stone":60,"minecraft:oak_leaves":218}},"DataVersion":3465}