{"stats":{"minecraft:broken":{"minecraft:wooden_shovel":1,"minecraft:stone_sword":1,"minecraft:stone_shovel":4},"minecraft:custom":{"minecraft:interact_with_furnace":20,"minecraft:mob_kills":31,"minecraft:interact_with_crafting_table":14,"minecraft:leave_game":5,"minecraft:time_since_death":2160,"minecraft:time_since_rest":2187,"minecraft:sprint_one_cm":107802,"minecraft:damage_taken":1023,"minecraft:walk_one_cm":246205,"minecraft:drop":1,"minecraft:damage_dealt":5118,"minecraft:swim_one_cm":497,"minecraft:fly_one_cm":122877,"minecraft:player_kills":1,"minecraft:crouch_one_cm":4413,"minecraft:play_time":54023,"minecraft:deaths":1,"minecraft:sneak_time":1293,"minecraft:walk_under_water_one_cm":2598,"minecraft:jump":612,"minecraft:walk_on_water_one_cm":1399,"minecraft:total_world_time":54023,"minecraft:fall_one_cm":20219},"minecraft:used":{"minecraft:stone_sword":156,"minecraft:stone_shovel":655,"minecraft:stone_pickaxe":34,"minecraft:wooden_pickaxe":36,"minecraft:wooden_shovel":63,"minecraft:torch":10,"minecraft:dirt":328,"minecraft:crafting_table":1,"minecraft:wooden_axe":29,"minecraft:apple":2,"minecraft:stone_axe":14,"minecraft:oak_sapling":6,"minecraft:furnace":1,"minecraft:cooked_porkchop":8,"minecraft:pumpkin":5},"minecraft:picked_up":{"minecraft:crafting_table":1,"minecraft:feather":6,"minecraft:chicken":4,"minecraft:andesite":18,"minecraft:oak_log":20,"minecraft:gunpowder":4,"minecraft:string":22,"minecraft:dirt":1365,"minecraft:bone":10,"minecraft:apple":2,"minecraft:wheat_seeds":58,"minecraft:stone_pickaxe":1,"minecraft:cooked_chicken":2,"minecraft:oak_planks":13,"minecraft:stick":6,"minecraft:pumpkin":39,"minecraft:torch":4,"minecraft:porkchop":10,"minecraft:spider_eye":2,"minecraft:arrow":14,"minecraft:rotten_flesh":12,"minecraft:stone_shovel":3,"minecraft:stone_axe":2,"minecraft:pink_tulip":1,"minecraft:oak_sapling":10,"minecraft:cobblestone":97},"minecraft:killed_by":{"minecraft:player":1},"minecraft:crafted":{"minecraft:oak_planks":44,"minecraft:wooden_shovel":1,"minecraft:stone_shovel":7,"minecraft:cooked_porkchop":10,"minecraft:crafting_table":2,"minecraft:wooden_pickaxe":1,"minecraft:cooked_chicken":4,"minecraft:furnace":1,"minecraft:stone_axe":1,"minecraft:charcoal":9,"minecraft:stick":32,"minecraft:stone_pickaxe":1,"minecraft:wooden_axe":1,"minecraft:stone_sword":1,"minecraft:torch":12},"minecraft:killed":{"minecraft:pig":4,"minecraft:spider":7,"minecraft:creeper":2,"minecraft:skeleton":7,"minecraft:zombie":6,"minecraft:chicken":4},"minecraft:mined":{"minecraft:oak_sapling":1,"minecraft:torch":3,"minecraft:grass_block":686,"minecraft:tall_grass":23,"minecraft:wall_torch":1,"minecraft:andesite":9,"minecraft:pumpkin":22,"minecraft:grass":120,"minecraft:oak_log":18,"minecraft:dirt":82,"minecraft:pink_tulip":1,"minecraft:stone":60,"minecraft:oak_leaves":218},"minecraft:dropped":{"minecraft:stone_axe":1}},"DataVersion":3465}