{
  "minecraft:recipes/decorations/crafting_table": {
    "criteria": {
      "unlock_right_away": "2024-05-16 02:20:19 +0000"
    },
    "done": true
  },
  "cataclysm:root": {
    "criteria": {
      "custom_test_name": "2024-05-16 02:20:19 +0000"
    },
    "done": true
  },
  "dungeons_arise:wda_root": {
    "criteria": {
      "WDA": "2024-05-16 02:20:19 +0000"
    },
    "done": true
  },
  "minecraft:adventure/adventuring_time": {
    "criteria": {
      "minecraft:snowy_slopes": "2024-05-16 03:36:27 +0000",
      "minecraft:taiga": "2024-05-16 02:47:33 +0000",
      "minecraft:cherry_grove": "2024-05-16 02:22:59 +0000",
      "minecraft:beach": "2024-05-16 02:41:15 +0000",
      "minecraft:river": "2024-05-16 02:41:31 +0000",
      "minecraft:snowy_plains": "2024-05-16 02:20:45 +0000",
      "minecraft:stony_shore": "2024-05-16 02:41:14 +0000",
      "minecraft:dripstone_caves": "2024-05-16 03:36:22 +0000",
      "minecraft:jagged_peaks": "2024-05-16 03:32:48 +0000",
      "minecraft:cold_ocean": "2024-05-16 02:43:08 +0000",
      "minecraft:forest": "2024-05-16 02:45:31 +0000",
      "minecraft:meadow": "2024-05-16 03:02:34 +0000",
      "minecraft:plains": "2024-05-16 02:20:20 +0000"
    },
    "done": false
  },
  "alexsmobs:alexsmobs/root": {
    "criteria": {
      "useitem": "2024-05-16 02:21:01 +0000"
    },
    "done": true
  },
  "minecraft:husbandry/root": {
    "criteria": {
      "consumed_item": "2024-05-16 02:21:01 +0000"
    },
    "done": true
  },
  "minecraft:recipes/building_blocks/spruce_wood": {
    "criteria": {
      "has_log": "2024-05-16 02:22:54 +0000"
    },
    "done": true
  },
  "minecraft:recipes/building_blocks/spruce_planks": {
    "criteria": {
      "has_logs": "2024-05-16 02:22:54 +0000"
    },
    "done": true
  },
  "minecraft:recipes/misc/charcoal": {
    "criteria": {
      "has_log": "2024-05-16 02:22:54 +0000"
    },
    "done": true
  },
  "securitycraft:recipes/misc/sc_manual": {
    "criteria": {
      "has_wood": "2024-05-16 02:22:54 +0000"
    },
    "done": true
  },
  "minecraft:recipes/building_blocks/oak_planks": {
    "criteria": {
      "has_logs": "2024-05-16 02:23:13 +0000"
    },
    "done": true
  },
  "minecraft:recipes/building_blocks/oak_wood": {
    "criteria": {
      "has_log": "2024-05-16 02:23:13 +0000"
    },
    "done": true
  },
  "minecraft:recipes/decorations/oak_sign": {
    "criteria": {
      "has_planks": "2024-05-16 02:23:30 +0000"
    },
    "done": true
  },
  "minecraft:recipes/redstone/oak_trapdoor": {
    "criteria": {
      "has_planks": "2024-05-16 02:23:30 +0000"
    },
    "done": true
  },
  "minecraft:recipes/misc/stick": {
    "criteria": {
      "has_planks": "2024-05-16 02:23:30 +0000"
    },
    "done": true
  },
  "minecraft:recipes/building_blocks/oak_stairs": {
    "criteria": {
      "has_planks": "2024-05-16 02:23:30 +0000"
    },
    "done": true
  },
  "minecraft:recipes/decorations/oak_fence": {
    "criteria": {
      "has_planks": "2024-05-16 02:23:30 +0000"
    },
    "done": true
  },
  "minecraft:recipes/redstone/oak_button": {
    "criteria": {
      "has_planks": "2024-05-16 02:23:30 +0000"
    },
    "done": true
  },
  "minecraft:recipes/building_blocks/oak_slab": {
    "criteria": {
      "has_planks": "2024-05-16 02:23:30 +0000"
    },
    "done": true
  },
  "minecraft:recipes/redstone/oak_fence_gate": {
    "criteria": {
      "has_planks": "2024-05-16 02:23:30 +0000"
    },
    "done": true
  },
  "minecraft:recipes/redstone/oak_pressure_plate": {
    "criteria": {
      "has_planks": "2024-05-16 02:23:30 +0000"
    },
    "done": true
  },
  "minecraft:recipes/redstone/oak_door": {
    "criteria": {
      "has_planks": "2024-05-16 02:23:30 +0000"
    },
    "done": true
  },
  "minecraft:recipes/decorations/barrel": {
    "criteria": {
      "has_planks": "2024-05-16 02:23:30 +0000"
    },
    "done": true
  },
  "minecraft:recipes/decorations/spruce_sign": {
    "criteria": {
      "has_planks": "2024-05-16 02:23:33 +0000"
    },
    "done": true
  },
  "minecraft:recipes/decorations/spruce_fence": {
    "criteria": {
      "has_planks": "2024-05-16 02:23:33 +0000"
    },
    "done": true
  },
  "minecraft:recipes/building_blocks/spruce_slab": {
    "criteria": {
      "has_planks": "2024-05-16 02:23:33 +0000"
    },
    "done": true
  },
  "minecraft:recipes/redstone/spruce_button": {
    "criteria": {
      "has_planks": "2024-05-16 02:23:33 +0000"
    },
    "done": true
  },
  "minecraft:recipes/redstone/spruce_pressure_plate": {
    "criteria": {
      "has_planks": "2024-05-16 02:23:33 +0000"
    },
    "done": true
  },
  "minecraft:recipes/redstone/spruce_trapdoor": {
    "criteria": {
      "has_planks": "2024-05-16 02:23:33 +0000"
    },
    "done": true
  },
  "minecraft:recipes/redstone/spruce_door": {
    "criteria": {
      "has_planks": "2024-05-16 02:23:33 +0000"
    },
    "done": true
  },
  "minecraft:recipes/redstone/spruce_fence_gate": {
    "criteria": {
      "has_planks": "2024-05-16 02:23:33 +0000"
    },
    "done": true
  },
  "minecraft:recipes/building_blocks/spruce_stairs": {
    "criteria": {
      "has_planks": "2024-05-16 02:23:33 +0000"
    },
    "done": true
  },
  "composite_material:recipes/composite_material/etherite_nugget": {
    "criteria": {
      "crafting_table": "2024-05-16 02:23:41 +0000"
    },
    "done": true
  },
  "composite_material:recipes/composite_material/copper_leggings": {
    "criteria": {
      "crafting_table": "2024-05-16 02:23:41 +0000"
    },
    "done": true
  },
  "composite_material:recipes/composite_material/copper_chestplate": {
    "criteria": {
      "crafting_table": "2024-05-16 02:23:41 +0000"
    },
    "done": true
  },
  "composite_material:recipes/composite_material/dungeon_steel_ingot_from_block": {
    "criteria": {
      "crafting_table": "2024-05-16 02:23:41 +0000"
    },
    "done": true
  },
  "composite_material:recipes/composite_material/obsidian_boots": {
    "criteria": {
      "crafting_table": "2024-05-16 02:23:41 +0000"
    },
    "done": true
  },
  "composite_material:recipes/composite_material/perkin": {
    "criteria": {
      "crafting_table": "2024-05-16 02:23:41 +0000"
    },
    "done": true
  },
  "composite_material:recipes/composite_material/sonic_boom_wand": {
    "criteria": {
      "crafting_table": "2024-05-16 02:23:41 +0000"
    },
    "done": true
  },
  "composite_material:recipes/composite_material/dungeon_sword": {
    "criteria": {
      "crafting_table": "2024-05-16 02:23:41 +0000"
    },
    "done": true
  },
  "composite_material:recipes/composite_material/allay_steel_boots": {
    "criteria": {
      "crafting_table": "2024-05-16 02:23:41 +0000"
    },
    "done": true
  },
  "composite_material:recipes/composite_material/purifichanted_book": {
    "criteria": {
      "crafting_table": "2024-05-16 02:23:41 +0000"
    },
    "done": true
  },
  "composite_material:recipes/composite_material/obsidian_leggings": {
    "criteria": {
      "crafting_table": "2024-05-16 02:23:41 +0000"
    },
    "done": true
  },
  "composite_material:recipes/composite_material/copper_hoe_2": {
    "criteria": {
      "crafting_table": "2024-05-16 02:23:41 +0000"
    },
    "done": true
  },
  "composite_material:recipes/composite_material/obsidian_steel_block": {
    "criteria": {
      "crafting_table": "2024-05-16 02:23:41 +0000"
    },
    "done": true
  },
  "composite_material:recipes/composite_material/dungeon_steel_ingot_from_nugget": {
    "criteria": {
      "crafting_table": "2024-05-16 02:23:41 +0000"
    },
    "done": true
  },
  "composite_material:recipes/composite_material/etherite_sword": {
    "criteria": {
      "crafting_table": "2024-05-16 02:23:41 +0000"
    },
    "done": true
  },
  "composite_material:recipes/composite_material/etherite_block": {
    "criteria": {
      "crafting_table": "2024-05-16 02:23:41 +0000"
    },
    "done": true
  },
  "composite_material:recipes/composite_material/obsidian_steel_ingot": {
    "criteria": {
      "crafting_table": "2024-05-16 02:23:41 +0000"
    },
    "done": true
  },
  "composite_material:recipes/composite_material/echoium_helmet": {
    "criteria": {
      "crafting_table": "2024-05-16 02:23:41 +0000"
    },
    "done": true
  },
  "composite_material:recipes/composite_material/etherite_ingot": {
    "criteria": {
      "crafting_table": "2024-05-16 02:23:41 +0000"
    },
    "done": true
  },
  "composite_material:recipes/composite_material/obsidian_helmet": {
    "criteria": {
      "crafting_table": "2024-05-16 02:23:41 +0000"
    },
    "done": true
  },
  "composite_material:recipes/composite_material/dungeon_axe": {
    "criteria": {
      "crafting_table": "2024-05-16 02:23:41 +0000"
    },
    "done": true
  },
  "composite_material:recipes/composite_material/copper_axe_2": {
    "criteria": {
      "crafting_table": "2024-05-16 02:23:41 +0000"
    },
    "done": true
  },
  "composite_material:recipes/composite_material/echoium_hoe": {
    "criteria": {
      "crafting_table": "2024-05-16 02:23:41 +0000"
    },
    "done": true
  },
  "composite_material:recipes/composite_material/reinforced_book": {
    "criteria": {
      "crafting_table": "2024-05-16 02:23:41 +0000"
    },
    "done": true
  },
  "composite_material:recipes/composite_material/flint_axe": {
    "criteria": {
      "crafting_table": "2024-05-16 02:23:41 +0000"
    },
    "done": true
  },
  "composite_material:recipes/composite_material/amethyst_pickaxe": {
    "criteria": {
      "crafting_table": "2024-05-16 02:23:41 +0000"
    },
    "done": true
  },
  "composite_material:recipes/composite_material/disc_sword": {
    "criteria": {
      "crafting_table": "2024-05-16 02:23:41 +0000"
    },
    "done": true
  },
  "composite_material:recipes/composite_material/flint_shovel": {
    "criteria": {
      "crafting_table": "2024-05-16 02:23:41 +0000"
    },
    "done": true
  },
  "composite_material:recipes/composite_material/amethyst_hoe": {
    "criteria": {
      "crafting_table": "2024-05-16 02:23:41 +0000"
    },
    "done": true
  },
  "composite_material:recipes/composite_material/etherite_totem": {
    "criteria": {
      "crafting_table": "2024-05-16 02:23:41 +0000"
    },
    "done": true
  },
  "composite_material:recipes/composite_material/allay_steel_chestplate": {
    "criteria": {
      "crafting_table": "2024-05-16 02:23:41 +0000"
    },
    "done": true
  },
  "composite_material:recipes/composite_material/prismarine_alloy_ingot": {
    "criteria": {
      "crafting_table": "2024-05-16 02:23:41 +0000"
    },
    "done": true
  },
  "composite_material:recipes/composite_material/amethyst_shovel": {
    "criteria": {
      "crafting_table": "2024-05-16 02:23:41 +0000"
    },
    "done": true
  },
  "composite_material:recipes/composite_material/obsidian_pickaxe": {
    "criteria": {
      "crafting_table": "2024-05-16 02:23:41 +0000"
    },
    "done": true
  },
  "composite_material:recipes/composite_material/obsidian_shovel": {
    "criteria": {
      "crafting_table": "2024-05-16 02:23:41 +0000"
    },
    "done": true
  },
  "composite_material:recipes/composite_material/obsidian_chestplate": {
    "criteria": {
      "crafting_table": "2024-05-16 02:23:41 +0000"
    },
    "done": true
  },
  "composite_material:recipes/composite_material/etherite_hoe": {
    "criteria": {
      "crafting_table": "2024-05-16 02:23:41 +0000"
    },
    "done": true
  },
  "composite_material:recipes/composite_material/amethyst_chestplate": {
    "criteria": {
      "crafting_table": "2024-05-16 02:23:41 +0000"
    },
    "done": true
  },
  "composite_material:recipes/composite_material/obsidian_hoe_2": {
    "criteria": {
      "crafting_table": "2024-05-16 02:23:41 +0000"
    },
    "done": true
  },
  "composite_material:recipes/composite_material/etherite_axe_2": {
    "criteria": {
      "crafting_table": "2024-05-16 02:23:41 +0000"
    },
    "done": true
  },
  "composite_material:recipes/composite_material/echoium_leggings": {
    "criteria": {
      "crafting_table": "2024-05-16 02:23:41 +0000"
    },
    "done": true
  },
  "composite_material:recipes/composite_material/obsidian_hoe": {
    "criteria": {
      "crafting_table": "2024-05-16 02:23:41 +0000"
    },
    "done": true
  },
  "composite_material:recipes/composite_material/dungeon_pickaxe": {
    "criteria": {
      "crafting_table": "2024-05-16 02:23:41 +0000"
    },
    "done": true
  },
  "composite_material:recipes/composite_material/copper_shovel": {
    "criteria": {
      "crafting_table": "2024-05-16 02:23:41 +0000"
    },
    "done": true
  },
  "composite_material:recipes/composite_material/allay_steel_ingot_from_nugget": {
    "criteria": {
      "crafting_table": "2024-05-16 02:23:41 +0000"
    },
    "done": true
  },
  "composite_material:recipes/composite_material/amethyst_boots": {
    "criteria": {
      "crafting_table": "2024-05-16 02:23:41 +0000"
    },
    "done": true
  },
  "composite_material:recipes/composite_material/copper_axe": {
    "criteria": {
      "crafting_table": "2024-05-16 02:23:41 +0000"
    },
    "done": true
  },
  "composite_material:recipes/composite_material/etherite_hoe_2": {
    "criteria": {
      "crafting_table": "2024-05-16 02:23:41 +0000"
    },
    "done": true
  },
  "composite_material:recipes/composite_material/obsidian_sword": {
    "criteria": {
      "crafting_table": "2024-05-16 02:23:41 +0000"
    },
    "done": true
  },
  "composite_material:recipes/composite_material/dungeon_steel_block": {
    "criteria": {
      "crafting_table": "2024-05-16 02:23:41 +0000"
    },
    "done": true
  },
  "composite_material:recipes/composite_material/allay_steel_leggings": {
    "criteria": {
      "crafting_table": "2024-05-16 02:23:41 +0000"
    },
    "done": true
  },
  "composite_material:recipes/composite_material/echoium_axe": {
    "criteria": {
      "crafting_table": "2024-05-16 02:23:41 +0000"
    },
    "done": true
  },
  "composite_material:recipes/composite_material/copper_hoe": {
    "criteria": {
      "crafting_table": "2024-05-16 02:23:41 +0000"
    },
    "done": true
  },
  "composite_material:recipes/composite_material/etherite_totem_2": {
    "criteria": {
      "crafting_table": "2024-05-16 02:23:41 +0000"
    },
    "done": true
  },
  "composite_material:recipes/composite_material/etherite_leggings": {
    "criteria": {
      "crafting_table": "2024-05-16 02:23:41 +0000"
    },
    "done": true
  },
  "composite_material:recipes/combat/trident": {
    "criteria": {
      "crafting_table": "2024-05-16 02:23:41 +0000"
    },
    "done": true
  },
  "composite_material:recipes/composite_material/allay_steel_shovel": {
    "criteria": {
      "crafting_table": "2024-05-16 02:23:41 +0000"
    },
    "done": true
  },
  "composite_material:recipes/composite_material/allay_steel_axe_2": {
    "criteria": {
      "crafting_table": "2024-05-16 02:23:41 +0000"
    },
    "done": true
  },
  "composite_material:recipes/composite_material/echoium_ingot_from_block": {
    "criteria": {
      "crafting_table": "2024-05-16 02:23:41 +0000"
    },
    "done": true
  },
  "composite_material:recipes/composite_material/obsidian_steel_ingot_from_block": {
    "criteria": {
      "crafting_table": "2024-05-16 02:23:41 +0000"
    },
    "done": true
  },
  "composite_material:recipes/composite_material/amethyst_hoe_2": {
    "criteria": {
      "crafting_table": "2024-05-16 02:23:41 +0000"
    },
    "done": true
  },
  "composite_material:recipes/composite_material/flint_sword": {
    "criteria": {
      "crafting_table": "2024-05-16 02:23:41 +0000"
    },
    "done": true
  },
  "composite_material:recipes/composite_material/echoium_nugget": {
    "criteria": {
      "crafting_table": "2024-05-16 02:23:41 +0000"
    },
    "done": true
  },
  "composite_material:recipes/composite_material/allay_steel_axe": {
    "criteria": {
      "crafting_table": "2024-05-16 02:23:41 +0000"
    },
    "done": true
  },
  "composite_material:recipes/composite_material/allay_steel_nugget": {
    "criteria": {
      "crafting_table": "2024-05-16 02:23:41 +0000"
    },
    "done": true
  },
  "composite_material:recipes/composite_material/echoium_sword": {
    "criteria": {
      "crafting_table": "2024-05-16 02:23:41 +0000"
    },
    "done": true
  },
  "composite_material:recipes/composite_material/etherite_chestplate": {
    "criteria": {
      "crafting_table": "2024-05-16 02:23:41 +0000"
    },
    "done": true
  },
  "composite_material:recipes/composite_material/abyss_blade": {
    "criteria": {
      "crafting_table": "2024-05-16 02:23:41 +0000"
    },
    "done": true
  },
  "composite_material:recipes/composite_material/heart_of_the_dry": {
    "criteria": {
      "crafting_table": "2024-05-16 02:23:41 +0000"
    },
    "done": true
  },
  "composite_material:recipes/composite_material/etherite_ingot_from_nugget": {
    "criteria": {
      "crafting_table": "2024-05-16 02:23:41 +0000"
    },
    "done": true
  },
  "composite_material:recipes/composite_material/lacerator": {
    "criteria": {
      "crafting_table": "2024-05-16 02:23:41 +0000"
    },
    "done": true
  },
  "composite_material:recipes/composite_material/copper_boots": {
    "criteria": {
      "crafting_table": "2024-05-16 02:23:41 +0000"
    },
    "done": true
  },
  "composite_material:recipes/composite_material/echoium_pickaxe": {
    "criteria": {
      "crafting_table": "2024-05-16 02:23:41 +0000"
    },
    "done": true
  },
  "composite_material:recipes/composite_material/allay_steel_hoe_2": {
    "criteria": {
      "crafting_table": "2024-05-16 02:23:41 +0000"
    },
    "done": true
  },
  "composite_material:recipes/composite_material/copper_pickaxe": {
    "criteria": {
      "crafting_table": "2024-05-16 02:23:41 +0000"
    },
    "done": true
  },
  "composite_material:recipes/composite_material/echoium_boots": {
    "criteria": {
      "crafting_table": "2024-05-16 02:23:41 +0000"
    },
    "done": true
  },
  "composite_material:recipes/composite_material/etherite_ingot_from_block": {
    "criteria": {
      "crafting_table": "2024-05-16 02:23:41 +0000"
    },
    "done": true
  },
  "composite_material:recipes/composite_material/etherite_pickaxe": {
    "criteria": {
      "crafting_table": "2024-05-16 02:23:41 +0000"
    },
    "done": true
  },
  "composite_material:recipes/composite_material/flint_hoe": {
    "criteria": {
      "crafting_table": "2024-05-16 02:23:41 +0000"
    },
    "done": true
  },
  "composite_material:recipes/composite_material/dungeon_hammer": {
    "criteria": {
      "crafting_table": "2024-05-16 02:23:41 +0000"
    },
    "done": true
  },
  "composite_material:recipes/composite_material/obsidian_axe_2": {
    "criteria": {
      "crafting_table": "2024-05-16 02:23:41 +0000"
    },
    "done": true
  },
  "composite_material:recipes/composite_material/duplichanted_book": {
    "criteria": {
      "crafting_table": "2024-05-16 02:23:41 +0000"
    },
    "done": true
  },
  "composite_material:recipes/composite_material/echoium_ingot": {
    "criteria": {
      "crafting_table": "2024-05-16 02:23:41 +0000"
    },
    "done": true
  },
  "composite_material:recipes/composite_material/sepachanted_book": {
    "criteria": {
      "crafting_table": "2024-05-16 02:23:41 +0000"
    },
    "done": true
  },
  "composite_material:recipes/composite_material/allay_steel_helmet": {
    "criteria": {
      "crafting_table": "2024-05-16 02:23:41 +0000"
    },
    "done": true
  },
  "composite_material:recipes/composite_material/echoium_block": {
    "criteria": {
      "crafting_table": "2024-05-16 02:23:41 +0000"
    },
    "done": true
  },
  "composite_material:recipes/composite_material/etherite_helmet": {
    "criteria": {
      "crafting_table": "2024-05-16 02:23:41 +0000"
    },
    "done": true
  },
  "composite_material:recipes/composite_material/flint_hoe_2": {
    "criteria": {
      "crafting_table": "2024-05-16 02:23:41 +0000"
    },
    "done": true
  },
  "composite_material:recipes/composite_material/echoium_ingot_from_nugget": {
    "criteria": {
      "crafting_table": "2024-05-16 02:23:41 +0000"
    },
    "done": true
  },
  "composite_material:recipes/composite_material/amethyst_sword": {
    "criteria": {
      "crafting_table": "2024-05-16 02:23:41 +0000"
    },
    "done": true
  },
  "composite_material:recipes/composite_material/allay_steel_ingot_from_block": {
    "criteria": {
      "crafting_table": "2024-05-16 02:23:41 +0000"
    },
    "done": true
  },
  "composite_material:recipes/composite_material/disc_pickaxe": {
    "criteria": {
      "crafting_table": "2024-05-16 02:23:41 +0000"
    },
    "done": true
  },
  "composite_material:recipes/composite_material/flint_pickaxe": {
    "criteria": {
      "crafting_table": "2024-05-16 02:23:41 +0000"
    },
    "done": true
  },
  "composite_material:recipes/composite_material/echoium_shovel": {
    "criteria": {
      "crafting_table": "2024-05-16 02:23:41 +0000"
    },
    "done": true
  },
  "composite_material:recipes/composite_material/copper_sword": {
    "criteria": {
      "crafting_table": "2024-05-16 02:23:41 +0000"
    },
    "done": true
  },
  "composite_material:recipes/composite_material/obsidian_axe": {
    "criteria": {
      "crafting_table": "2024-05-16 02:23:41 +0000"
    },
    "done": true
  },
  "composite_material:recipes/composite_material/amethyst_leggings": {
    "criteria": {
      "crafting_table": "2024-05-16 02:23:41 +0000"
    },
    "done": true
  },
  "composite_material:recipes/composite_material/etherite_shovel": {
    "criteria": {
      "crafting_table": "2024-05-16 02:23:41 +0000"
    },
    "done": true
  },
  "composite_material:recipes/composite_material/obsidian_steel_nugget": {
    "criteria": {
      "crafting_table": "2024-05-16 02:23:41 +0000"
    },
    "done": true
  },
  "composite_material:recipes/composite_material/dungeon_steel_nugget": {
    "criteria": {
      "crafting_table": "2024-05-16 02:23:41 +0000"
    },
    "done": true
  },
  "composite_material:recipes/composite_material/echoium_axe_2": {
    "criteria": {
      "crafting_table": "2024-05-16 02:23:41 +0000"
    },
    "done": true
  },
  "composite_material:recipes/composite_material/echoium_chestplate": {
    "criteria": {
      "crafting_table": "2024-05-16 02:23:41 +0000"
    },
    "done": true
  },
  "composite_material:recipes/composite_material/amethyst_axe": {
    "criteria": {
      "crafting_table": "2024-05-16 02:23:41 +0000"
    },
    "done": true
  },
  "composite_material:recipes/composite_material/dungeon_axe_2": {
    "criteria": {
      "crafting_table": "2024-05-16 02:23:41 +0000"
    },
    "done": true
  },
  "composite_material:recipes/composite_material/etherite_boots": {
    "criteria": {
      "crafting_table": "2024-05-16 02:23:41 +0000"
    },
    "done": true
  },
  "composite_material:recipes/composite_material/creative_reinforced_book": {
    "criteria": {
      "crafting_table": "2024-05-16 02:23:41 +0000"
    },
    "done": true
  },
  "composite_material:recipes/composite_material/flint_axe_2": {
    "criteria": {
      "crafting_table": "2024-05-16 02:23:41 +0000"
    },
    "done": true
  },
  "composite_material:recipes/composite_material/amethyst_helmet": {
    "criteria": {
      "crafting_table": "2024-05-16 02:23:41 +0000"
    },
    "done": true
  },
  "composite_material:recipes/composite_material/echoium_hoe_2": {
    "criteria": {
      "crafting_table": "2024-05-16 02:23:41 +0000"
    },
    "done": true
  },
  "composite_material:recipes/composite_material/allay_steel_pickaxe": {
    "criteria": {
      "crafting_table": "2024-05-16 02:23:41 +0000"
    },
    "done": true
  },
  "composite_material:recipes/composite_material/allay_steel_sword": {
    "criteria": {
      "crafting_table": "2024-05-16 02:23:41 +0000"
    },
    "done": true
  },
  "composite_material:recipes/composite_material/allay_steel_block": {
    "criteria": {
      "crafting_table": "2024-05-16 02:23:41 +0000"
    },
    "done": true
  },
  "composite_material:recipes/composite_material/allay_steel_hoe": {
    "criteria": {
      "crafting_table": "2024-05-16 02:23:41 +0000"
    },
    "done": true
  },
  "composite_material:recipes/composite_material/obsidian_steel_ingot_from_nugget": {
    "criteria": {
      "crafting_table": "2024-05-16 02:23:41 +0000"
    },
    "done": true
  },
  "minecraft:story/root": {
    "criteria": {
      "crafting_table": "2024-05-16 02:23:41 +0000"
    },
    "done": true
  },
  "composite_material:recipes/composite_material/etherite_axe": {
    "criteria": {
      "crafting_table": "2024-05-16 02:23:41 +0000"
    },
    "done": true
  },
  "composite_material:recipes/composite_material/amethyst_axe_2": {
    "criteria": {
      "crafting_table": "2024-05-16 02:23:41 +0000"
    },
    "done": true
  },
  "composite_material:recipes/composite_material/disc_axe_2": {
    "criteria": {
      "crafting_table": "2024-05-16 02:23:41 +0000"
    },
    "done": true
  },
  "composite_material:recipes/composite_material/copper_helmet": {
    "criteria": {
      "crafting_table": "2024-05-16 02:23:41 +0000"
    },
    "done": true
  },
  "composite_material:recipes/composite_material/disc_axe": {
    "criteria": {
      "crafting_table": "2024-05-16 02:23:41 +0000"
    },
    "done": true
  },
  "composite_material:recipes/composite_material/disenchanted_book": {
    "criteria": {
      "crafting_table": "2024-05-16 02:23:41 +0000"
    },
    "done": true
  },
  "minecraft:recipes/decorations/ladder": {
    "criteria": {
      "has_stick": "2024-05-16 02:23:48 +0000"
    },
    "done": true
  },
  "securitycraft:recipes/redstone/reinforced_birch_fence_gate": {
    "criteria": {
      "has_stick": "2024-05-16 02:23:48 +0000"
    },
    "done": true
  },
  "securitycraft:recipes/redstone/reinforced_crimson_fence_gate": {
    "criteria": {
      "has_stick": "2024-05-16 02:23:48 +0000"
    },
    "done": true
  },
  "securitycraft:recipes/misc/motion_activated_light": {
    "criteria": {
      "has_stick": "2024-05-16 02:23:48 +0000"
    },
    "done": true
  },
  "securitycraft:recipes/redstone/reinforced_jungle_fence_gate": {
    "criteria": {
      "has_stick": "2024-05-16 02:23:48 +0000"
    },
    "done": true
  },
  "minecraft:recipes/tools/wooden_axe": {
    "criteria": {
      "has_stick": "2024-05-16 02:23:48 +0000"
    },
    "done": true
  },
  "securitycraft:recipes/redstone/reinforced_spruce_fence_gate": {
    "criteria": {
      "has_stick": "2024-05-16 02:23:48 +0000"
    },
    "done": true
  },
  "securitycraft:recipes/misc/reinforced_jungle_fence": {
    "criteria": {
      "has_stick": "2024-05-16 02:23:48 +0000"
    },
    "done": true
  },
  "securitycraft:recipes/misc/reinforced_warped_fence": {
    "criteria": {
      "has_stick": "2024-05-16 02:23:48 +0000"
    },
    "done": true
  },
  "securitycraft:recipes/redstone/reinforced_cherry_fence_gate": {
    "criteria": {
      "has_stick": "2024-05-16 02:23:48 +0000"
    },
    "done": true
  },
  "securitycraft:recipes/misc/reinforced_acacia_fence": {
    "criteria": {
      "has_stick": "2024-05-16 02:23:48 +0000"
    },
    "done": true
  },
  "securitycraft:recipes/redstone/reinforced_acacia_fence_gate": {
    "criteria": {
      "has_stick": "2024-05-16 02:23:48 +0000"
    },
    "done": true
  },
  "securitycraft:recipes/misc/reinforced_cherry_fence": {
    "criteria": {
      "has_stick": "2024-05-16 02:23:48 +0000"
    },
    "done": true
  },
  "securitycraft:recipes/redstone/reinforced_bamboo_fence_gate": {
    "criteria": {
      "has_stick": "2024-05-16 02:23:48 +0000"
    },
    "done": true
  },
  "securitycraft:recipes/redstone/reinforced_warped_fence_gate": {
    "criteria": {
      "has_stick": "2024-05-16 02:23:48 +0000"
    },
    "done": true
  },
  "minecraft:recipes/decorations/campfire": {
    "criteria": {
      "has_stick": "2024-05-16 02:23:48 +0000"
    },
    "done": true
  },
  "minecraft:recipes/tools/wooden_hoe": {
    "criteria": {
      "has_stick": "2024-05-16 02:23:48 +0000"
    },
    "done": true
  },
  "minecraft:recipes/tools/wooden_pickaxe": {
    "criteria": {
      "has_stick": "2024-05-16 02:23:48 +0000"
    },
    "done": true
  },
  "securitycraft:recipes/misc/sonic_security_system": {
    "criteria": {
      "has_stick": "2024-05-16 02:23:48 +0000"
    },
    "done": true
  },
  "securitycraft:recipes/redstone/reinforced_mangrove_fence_gate": {
    "criteria": {
      "has_stick": "2024-05-16 02:23:48 +0000"
    },
    "done": true
  },
  "minecraft:recipes/tools/wooden_shovel": {
    "criteria": {
      "has_stick": "2024-05-16 02:23:48 +0000"
    },
    "done": true
  },
  "securitycraft:recipes/misc/reinforced_mangrove_fence": {
    "criteria": {
      "has_stick": "2024-05-16 02:23:48 +0000"
    },
    "done": true
  },
  "securitycraft:recipes/redstone/reinforced_dark_oak_fence_gate": {
    "criteria": {
      "has_stick": "2024-05-16 02:23:48 +0000"
    },
    "done": true
  },
  "minecraft:recipes/combat/wooden_sword": {
    "criteria": {
      "has_stick": "2024-05-16 02:23:48 +0000"
    },
    "done": true
  },
  "securitycraft:recipes/misc/reinforced_birch_fence": {
    "criteria": {
      "has_stick": "2024-05-16 02:23:48 +0000"
    },
    "done": true
  },
  "securitycraft:recipes/misc/reinforced_dark_oak_fence": {
    "criteria": {
      "has_stick": "2024-05-16 02:23:48 +0000"
    },
    "done": true
  },
  "securitycraft:recipes/misc/reinforced_oak_fence": {
    "criteria": {
      "has_stick": "2024-05-16 02:23:48 +0000"
    },
    "done": true
  },
  "securitycraft:recipes/redstone/reinforced_oak_fence_gate": {
    "criteria": {
      "has_stick": "2024-05-16 02:23:48 +0000"
    },
    "done": true
  },
  "securitycraft:recipes/misc/reinforced_bamboo_fence": {
    "criteria": {
      "has_stick": "2024-05-16 02:23:48 +0000"
    },
    "done": true
  },
  "securitycraft:recipes/misc/reinforced_crimson_fence": {
    "criteria": {
      "has_stick": "2024-05-16 02:23:48 +0000"
    },
    "done": true
  },
  "securitycraft:recipes/misc/reinforced_spruce_fence": {
    "criteria": {
      "has_stick": "2024-05-16 02:23:48 +0000"
    },
    "done": true
  },
  "minecraft:adventure/kill_all_mobs": {
    "criteria": {
      "minecraft:skeleton": "2024-05-16 03:19:19 +0000",
      "minecraft:spider": "2024-05-16 03:20:53 +0000",
      "minecraft:zombie": "2024-05-16 02:24:23 +0000",
      "minecraft:zombie_villager": "2024-05-16 03:24:55 +0000"
    },
    "done": false
  },
  "minecraft:adventure/root": {
    "criteria": {
      "killed_something": "2024-05-16 02:24:23 +0000"
    },
    "done": true
  },
  "minecraft:adventure/kill_a_mob": {
    "criteria": {
      "minecraft:zombie": "2024-05-16 02:24:23 +0000"
    },
    "done": true
  },
  "minecraft:recipes/decorations/chest": {
    "criteria": {
      "has_lots_of_items": "2024-05-16 02:25:14 +0000"
    },
    "done": true
  },
  "minecraft:recipes/misc/pink_dye_from_pink_petals": {
    "criteria": {
      "has_pink_petals": "2024-05-16 02:26:20 +0000"
    },
    "done": true
  },
  "minecraft:recipes/building_blocks/coal_block": {
    "criteria": {
      "has_coal": "2024-05-16 02:27:19 +0000"
    },
    "done": true
  },
  "minecraft:recipes/redstone/lever": {
    "criteria": {
      "has_cobblestone": "2024-05-16 02:27:35 +0000"
    },
    "done": true
  },
  "minecraft:recipes/combat/stone_sword": {
    "criteria": {
      "has_cobblestone": "2024-05-16 02:27:35 +0000"
    },
    "done": true
  },
  "minecraft:recipes/decorations/cobblestone_wall": {
    "criteria": {
      "has_cobblestone": "2024-05-16 02:27:35 +0000"
    },
    "done": true
  },
  "minecraft:recipes/tools/stone_axe": {
    "criteria": {
      "has_cobblestone": "2024-05-16 02:27:35 +0000"
    },
    "done": true
  },
  "minecraft:story/mine_stone": {
    "criteria": {
      "get_stone": "2024-05-16 02:27:35 +0000"
    },
    "done": true
  },
  "minecraft:recipes/decorations/furnace": {
    "criteria": {
      "has_cobblestone": "2024-05-16 02:27:35 +0000"
    },
    "done": true
  },
  "securitycraft:recipes/redstone/laser_block": {
    "criteria": {
      "has_stone": "2024-05-16 02:27:35 +0000"
    },
    "done": true
  },
  "securitycraft:recipes/building_blocks/reinforced_andesite_with_vanilla_diorite": {
    "criteria": {
      "has_cobblestone": "2024-05-16 02:27:35 +0000"
    },
    "done": true
  },
  "minecraft:recipes/building_blocks/cobblestone_slab_from_cobblestone_stonecutting": {
    "criteria": {
      "has_cobblestone": "2024-05-16 02:27:35 +0000"
    },
    "done": true
  },
  "minecraft:recipes/building_blocks/stone": {
    "criteria": {
      "has_cobblestone": "2024-05-16 02:27:35 +0000"
    },
    "done": true
  },
  "securitycraft:recipes/building_blocks/reinforced_andesite_with_vanilla_cobblestone": {
    "criteria": {
      "has_cobblestone": "2024-05-16 02:27:35 +0000"
    },
    "done": true
  },
  "minecraft:recipes/tools/stone_pickaxe": {
    "criteria": {
      "has_cobblestone": "2024-05-16 02:27:35 +0000"
    },
    "done": true
  },
  "securitycraft:recipes/building_blocks/reinforced_andesite": {
    "criteria": {
      "has_cobblestone": "2024-05-16 02:27:35 +0000"
    },
    "done": true
  },
  "minecraft:recipes/building_blocks/cobblestone_slab": {
    "criteria": {
      "has_cobblestone": "2024-05-16 02:27:35 +0000"
    },
    "done": true
  },
  "securitycraft:recipes/building_blocks/reinforced_diorite": {
    "criteria": {
      "has_cobblestone": "2024-05-16 02:27:35 +0000"
    },
    "done": true
  },
  "minecraft:recipes/decorations/cobblestone_wall_from_cobblestone_stonecutting": {
    "criteria": {
      "has_cobblestone": "2024-05-16 02:27:35 +0000"
    },
    "done": true
  },
  "minecraft:recipes/building_blocks/cobblestone_stairs_from_cobblestone_stonecutting": {
    "criteria": {
      "has_cobblestone": "2024-05-16 02:27:35 +0000"
    },
    "done": true
  },
  "minecraft:recipes/building_blocks/cobblestone_stairs": {
    "criteria": {
      "has_cobblestone": "2024-05-16 02:27:35 +0000"
    },
    "done": true
  },
  "minecraft:recipes/tools/stone_hoe": {
    "criteria": {
      "has_cobblestone": "2024-05-16 02:27:35 +0000"
    },
    "done": true
  },
  "minecraft:recipes/tools/stone_shovel": {
    "criteria": {
      "has_cobblestone": "2024-05-16 02:27:35 +0000"
    },
    "done": true
  },
  "securitycraft:recipes/misc/sentry": {
    "criteria": {
      "has_iron": "2024-05-16 03:05:08 +0000"
    },
    "done": true
  },
  "minecraft:recipes/combat/leather_helmet": {
    "criteria": {
      "has_leather": "2024-05-16 03:13:02 +0000"
    },
    "done": true
  },
  "minecraft:recipes/combat/iron_leggings": {
    "criteria": {
      "has_iron_ingot": "2024-05-16 03:05:08 +0000"
    },
    "done": true
  },
  "minecraft:recipes/building_blocks/coarse_dirt": {
    "criteria": {
      "has_gravel": "2024-05-16 02:40:49 +0000"
    },
    "done": true
  },
  "minecraft:recipes/building_blocks/light_gray_concrete_powder": {
    "criteria": {
      "has_gravel": "2024-05-16 02:40:49 +0000"
    },
    "done": true
  },
  "minecraft:recipes/combat/leather_leggings": {
    "criteria": {
      "has_leather": "2024-05-16 03:13:02 +0000"
    },
    "done": true
  },
  "minecraft:recipes/building_blocks/pink_concrete_powder": {
    "criteria": {
      "has_gravel": "2024-05-16 02:40:49 +0000"
    },
    "done": true
  },
  "minecraft:recipes/food/cooked_chicken_from_campfire_cooking": {
    "criteria": {
      "has_chicken": "2024-05-16 02:36:34 +0000"
    },
    "done": true
  },
  "minecraft:recipes/misc/iron_nugget_from_smelting": {
    "criteria": {
      "has_iron_pickaxe": "2024-05-16 03:05:19 +0000"
    },
    "done": true
  },
  "minecraft:recipes/food/cooked_mutton_from_smoking": {
    "criteria": {
      "has_mutton": "2024-05-16 03:01:15 +0000"
    },
    "done": true
  },
  "minecraft:recipes/food/baked_potato_from_campfire_cooking": {
    "criteria": {
      "has_potato": "2024-05-16 03:10:23 +0000"
    },
    "done": true
  },
  "securitycraft:recipes/misc/blacklist_module": {
    "criteria": {
      "has_iron": "2024-05-16 03:05:08 +0000"
    },
    "done": true
  },
  "minecraft:story/deflect_arrow": {
    "criteria": {
      "deflected_projectile": "2024-05-16 03:19:12 +0000"
    },
    "done": true
  },
  "minecraft:story/iron_tools": {
    "criteria": {
      "iron_pickaxe": "2024-05-16 03:05:19 +0000"
    },
    "done": true
  },
  "minecraft:recipes/combat/iron_chestplate": {
    "criteria": {
      "has_iron_ingot": "2024-05-16 03:05:08 +0000"
    },
    "done": true
  },
  "minecraft:recipes/building_blocks/red_concrete_powder": {
    "criteria": {
      "has_gravel": "2024-05-16 02:40:49 +0000"
    },
    "done": true
  },
  "minecraft:recipes/misc/book": {
    "criteria": {
      "has_paper": "2024-05-16 03:27:21 +0000"
    },
    "done": true
  },
  "minecraft:recipes/food/cooked_chicken": {
    "criteria": {
      "has_chicken": "2024-05-16 02:36:34 +0000"
    },
    "done": true
  },
  "minecraft:recipes/building_blocks/raw_iron_block": {
    "criteria": {
      "has_raw_iron": "2024-05-16 03:03:31 +0000"
    },
    "done": true
  },
  "securitycraft:recipes/misc/limited_use_keycard": {
    "criteria": {
      "has_iron": "2024-05-16 03:05:08 +0000"
    },
    "done": true
  },
  "securitycraft:recipes/misc/bouncing_betty": {
    "criteria": {
      "has_iron": "2024-05-16 03:05:08 +0000"
    },
    "done": true
  },
  "minecraft:recipes/misc/iron_nugget": {
    "criteria": {
      "has_iron_ingot": "2024-05-16 03:05:08 +0000"
    },
    "done": true
  },
  "minecraft:recipes/building_blocks/brown_concrete_powder": {
    "criteria": {
      "has_gravel": "2024-05-16 02:40:49 +0000"
    },
    "done": true
  },
  "minecraft:recipes/misc/bucket": {
    "criteria": {
      "has_iron_ingot": "2024-05-16 03:05:08 +0000"
    },
    "done": true
  },
  "skilltree:recipes/combat/quiver": {
    "criteria": {
      "has_leather": "2024-05-16 03:13:02 +0000"
    },
    "done": true
  },
  "minecraft:recipes/building_blocks/light_blue_concrete_powder": {
    "criteria": {
      "has_gravel": "2024-05-16 02:40:49 +0000"
    },
    "done": true
  },
  "securitycraft:recipes/misc/disguise_module": {
    "criteria": {
      "has_iron": "2024-05-16 03:05:08 +0000"
    },
    "done": true
  },
  "skilltree:recipes/combat/silent_quiver": {
    "criteria": {
      "has_feather": "2024-05-16 02:36:34 +0000"
    },
    "done": true
  },
  "minecraft:recipes/combat/iron_helmet": {
    "criteria": {
      "has_iron_ingot": "2024-05-16 03:05:08 +0000"
    },
    "done": true
  },
  "minecraft:recipes/combat/bow": {
    "criteria": {
      "has_string": "2024-05-16 03:20:54 +0000"
    },
    "done": true
  },
  "minecraft:recipes/transportation/minecart": {
    "criteria": {
      "has_iron_ingot": "2024-05-16 03:05:08 +0000"
    },
    "done": true
  },
  "minecraft:recipes/tools/iron_hoe": {
    "criteria": {
      "has_iron_ingot": "2024-05-16 03:05:08 +0000"
    },
    "done": true
  },
  "minecraft:recipes/building_blocks/green_concrete_powder": {
    "criteria": {
      "has_gravel": "2024-05-16 02:40:49 +0000"
    },
    "done": true
  },
  "minecraft:recipes/food/baked_potato": {
    "criteria": {
      "has_potato": "2024-05-16 03:10:23 +0000"
    },
    "done": true
  },
  "securitycraft:recipes/redstone/block_change_detector": {
    "criteria": {
      "has_iron": "2024-05-16 03:05:08 +0000"
    },
    "done": true
  },
  "minecraft:recipes/decorations/painting": {
    "criteria": {
      "has_wool": "2024-05-16 03:01:15 +0000"
    },
    "done": true
  },
  "minecraft:recipes/combat/arrow": {
    "criteria": {
      "has_feather": "2024-05-16 02:36:34 +0000"
    },
    "done": true
  },
  "minecraft:recipes/building_blocks/blue_concrete_powder": {
    "criteria": {
      "has_gravel": "2024-05-16 02:40:49 +0000"
    },
    "done": true
  },
  "securitycraft:recipes/decorations/floor_trap": {
    "criteria": {
      "has_iron": "2024-05-16 03:05:08 +0000"
    },
    "done": true
  },
  "minecraft:recipes/combat/leather_chestplate": {
    "criteria": {
      "has_leather": "2024-05-16 03:13:02 +0000"
    },
    "done": true
  },
  "minecraft:story/smelt_iron": {
    "criteria": {
      "iron": "2024-05-16 03:05:08 +0000"
    },
    "done": true
  },
  "minecraft:recipes/tools/fishing_rod": {
    "criteria": {
      "has_string": "2024-05-16 03:20:54 +0000"
    },
    "done": true
  },
  "minecraft:recipes/decorations/smoker": {
    "criteria": {
      "has_furnace": "2024-05-16 02:37:32 +0000"
    },
    "done": true
  },
  "securitycraft:recipes/misc/storage_module": {
    "criteria": {
      "has_iron": "2024-05-16 03:05:08 +0000"
    },
    "done": true
  },
  "minecraft:recipes/tools/shears": {
    "criteria": {
      "has_iron_ingot": "2024-05-16 03:05:08 +0000"
    },
    "done": true
  },
  "minecraft:recipes/building_blocks/emerald_block": {
    "criteria": {
      "has_emerald": "2024-05-16 03:05:23 +0000"
    },
    "done": true
  },
  "securitycraft:recipes/building_blocks/reinforced_packed_mud": {
    "criteria": {
      "has_wheat": "2024-05-16 03:27:51 +0000"
    },
    "done": true
  },
  "minecraft:adventure/sleep_in_bed": {
    "criteria": {
      "slept_in_bed": "2024-05-16 03:06:45 +0000"
    },
    "done": true
  },
  "minecraft:recipes/transportation/cherry_boat": {
    "criteria": {
      "in_water": "2024-05-16 02:41:30 +0000"
    },
    "done": true
  },
  "minecraft:recipes/building_blocks/white_concrete_powder": {
    "criteria": {
      "has_gravel": "2024-05-16 02:40:49 +0000"
    },
    "done": true
  },
  "minecraft:recipes/decorations/chain": {
    "criteria": {
      "has_iron_ingot": "2024-05-16 03:05:08 +0000"
    },
    "done": true
  },
  "minecraft:recipes/building_blocks/cherry_planks": {
    "criteria": {
      "has_log": "2024-05-16 03:09:48 +0000"
    },
    "done": true
  },
  "minecraft:recipes/food/cooked_porkchop_from_campfire_cooking": {
    "criteria": {
      "has_porkchop": "2024-05-16 02:36:14 +0000"
    },
    "done": true
  },
  "minecraft:recipes/building_blocks/iron_block": {
    "criteria": {
      "has_iron_ingot": "2024-05-16 03:05:08 +0000"
    },
    "done": true
  },
  "minecraft:recipes/redstone/tripwire_hook": {
    "criteria": {
      "has_string": "2024-05-16 03:20:54 +0000"
    },
    "done": true
  },
  "minecraft:recipes/misc/bone_meal": {
    "criteria": {
      "has_bone": "2024-05-16 03:19:21 +0000"
    },
    "done": true
  },
  "minecraft:recipes/transportation/bamboo_raft": {
    "criteria": {
      "in_water": "2024-05-16 02:41:30 +0000"
    },
    "done": true
  },
  "minecraft:recipes/decorations/smithing_table": {
    "criteria": {
      "has_iron_ingot": "2024-05-16 03:05:08 +0000"
    },
    "done": true
  },
  "securitycraft:recipes/transportation/track_mine": {
    "criteria": {
      "has_iron": "2024-05-16 03:05:08 +0000"
    },
    "done": true
  },
  "minecraft:recipes/decorations/candle": {
    "criteria": {
      "has_string": "2024-05-16 03:20:54 +0000"
    },
    "done": true
  },
  "minecraft:recipes/food/bread": {
    "criteria": {
      "has_wheat": "2024-05-16 03:27:51 +0000"
    },
    "done": true
  },
  "minecraft:recipes/transportation/spruce_boat": {
    "criteria": {
      "in_water": "2024-05-16 02:41:30 +0000"
    },
    "done": true
  },
  "minecraft:recipes/building_blocks/hay_block": {
    "criteria": {
      "has_wheat": "2024-05-16 03:27:51 +0000"
    },
    "done": true
  },
  "minecraft:recipes/misc/leather_horse_armor": {
    "criteria": {
      "has_leather": "2024-05-16 03:13:02 +0000"
    },
    "done": true
  },
  "securitycraft:recipes/misc/whitelist_module": {
    "criteria": {
      "has_iron": "2024-05-16 03:05:08 +0000"
    },
    "done": true
  },
  "minecraft:recipes/transportation/birch_boat": {
    "criteria": {
      "in_water": "2024-05-16 02:41:30 +0000"
    },
    "done": true
  },
  "minecraft:recipes/building_blocks/cherry_wood": {
    "criteria": {
      "has_log": "2024-05-16 03:09:48 +0000"
    },
    "done": true
  },
  "minecraft:recipes/decorations/white_carpet": {
    "criteria": {
      "has_white_wool": "2024-05-16 03:01:15 +0000"
    },
    "done": true
  },
  "minecraft:recipes/transportation/oak_boat": {
    "criteria": {
      "in_water": "2024-05-16 02:41:30 +0000"
    },
    "done": true
  },
  "minecraft:recipes/misc/paper": {
    "criteria": {
      "has_reeds": "2024-05-16 03:26:42 +0000"
    },
    "done": true
  },
  "skilltree:recipes/misc/assassin_necklace": {
    "criteria": {
      "has_bone": "2024-05-16 03:19:21 +0000"
    },
    "done": true
  },
  "securitycraft:recipes/misc/security_camera": {
    "criteria": {
      "has_iron": "2024-05-16 03:05:08 +0000"
    },
    "done": true
  },
  "minecraft:recipes/combat/iron_sword": {
    "criteria": {
      "has_iron_ingot": "2024-05-16 03:05:08 +0000"
    },
    "done": true
  },
  "minecraft:recipes/building_blocks/lime_concrete_powder": {
    "criteria": {
      "has_gravel": "2024-05-16 02:40:49 +0000"
    },
    "done": true
  },
  "minecraft:recipes/tools/iron_pickaxe": {
    "criteria": {
      "has_iron_ingot": "2024-05-16 03:05:08 +0000"
    },
    "done": true
  },
  "minecraft:recipes/transportation/mangrove_boat": {
    "criteria": {
      "in_water": "2024-05-16 02:41:30 +0000"
    },
    "done": true
  },
  "minecraft:recipes/decorations/torch": {
    "criteria": {
      "has_stone_pickaxe": "2024-05-16 02:33:05 +0000"
    },
    "done": true
  },
  "minecraft:recipes/combat/shield": {
    "criteria": {
      "has_iron_ingot": "2024-05-16 03:05:08 +0000"
    },
    "done": true
  },
  "minecraft:recipes/redstone/hopper": {
    "criteria": {
      "has_iron_ingot": "2024-05-16 03:05:08 +0000"
    },
    "done": true
  },
  "minecraft:recipes/decorations/iron_bars": {
    "criteria": {
      "has_iron_ingot": "2024-05-16 03:05:08 +0000"
    },
    "done": true
  },
  "securitycraft:recipes/misc/briefcase": {
    "criteria": {
      "has_iron": "2024-05-16 03:05:08 +0000"
    },
    "done": true
  },
  "securitycraft:recipes/redstone/reinforced_fence_gate": {
    "criteria": {
      "has_iron": "2024-05-16 03:05:08 +0000"
    },
    "done": true
  },
  "sophisticatedbackpacks:recipes/misc/backpack": {
    "criteria": {
      "has_leather": "2024-05-16 03:13:02 +0000"
    },
    "done": true
  },
  "minecraft:recipes/food/cooked_beef_from_smoking": {
    "criteria": {
      "has_beef": "2024-05-16 03:10:36 +0000"
    },
    "done": true
  },
  "minecraft:recipes/building_blocks/orange_concrete_powder": {
    "criteria": {
      "has_gravel": "2024-05-16 02:40:49 +0000"
    },
    "done": true
  },
  "minecraft:recipes/food/cooked_porkchop": {
    "criteria": {
      "has_porkchop": "2024-05-16 02:36:14 +0000"
    },
    "done": true
  },
  "securitycraft:recipes/misc/electrified_iron_fence": {
    "criteria": {
      "has_iron": "2024-05-16 03:05:08 +0000"
    },
    "done": true
  },
  "securitycraft:recipes/misc/keycard_lv5": {
    "criteria": {
      "has_iron": "2024-05-16 03:05:08 +0000"
    },
    "done": true
  },
  "securitycraft:recipes/misc/keycard_lv3": {
    "criteria": {
      "has_iron": "2024-05-16 03:05:08 +0000"
    },
    "done": true
  },
  "securitycraft:recipes/misc/keycard_lv4": {
    "criteria": {
      "has_iron": "2024-05-16 03:05:08 +0000"
    },
    "done": true
  },
  "securitycraft:recipes/misc/keycard_lv1": {
    "criteria": {
      "has_iron": "2024-05-16 03:05:08 +0000"
    },
    "done": true
  },
  "securitycraft:recipes/misc/keycard_lv2": {
    "criteria": {
      "has_iron": "2024-05-16 03:05:08 +0000"
    },
    "done": true
  },
  "minecraft:recipes/combat/iron_boots": {
    "criteria": {
      "has_iron_ingot": "2024-05-16 03:05:08 +0000"
    },
    "done": true
  },
  "minecraft:recipes/brewing/fermented_spider_eye": {
    "criteria": {
      "has_spider_eye": "2024-05-16 03:27:21 +0000"
    },
    "done": true
  },
  "minecraft:recipes/misc/iron_ingot_from_smelting_raw_iron": {
    "criteria": {
      "has_raw_iron": "2024-05-16 03:03:31 +0000"
    },
    "done": true
  },
  "minecraft:recipes/decorations/lantern": {
    "criteria": {
      "has_iron_ingot": "2024-05-16 03:05:08 +0000"
    },
    "done": true
  },
  "minecraft:recipes/food/cooked_mutton": {
    "criteria": {
      "has_mutton": "2024-05-16 03:01:15 +0000"
    },
    "done": true
  },
  "minecraft:recipes/building_blocks/magenta_concrete_powder": {
    "criteria": {
      "has_gravel": "2024-05-16 02:40:49 +0000"
    },
    "done": true
  },
  "securitycraft:recipes/misc/mine": {
    "criteria": {
      "has_iron": "2024-05-16 03:05:08 +0000"
    },
    "done": true
  },
  "minecraft:recipes/misc/sugar_from_sugar_cane": {
    "criteria": {
      "has_sugar_cane": "2024-05-16 03:26:42 +0000"
    },
    "done": true
  },
  "minecraft:recipes/decorations/white_banner": {
    "criteria": {
      "has_white_wool": "2024-05-16 03:01:15 +0000"
    },
    "done": true
  },
  "minecraft:recipes/food/cooked_chicken_from_smoking": {
    "criteria": {
      "has_chicken": "2024-05-16 02:36:34 +0000"
    },
    "done": true
  },
  "securitycraft:recipes/misc/harming_module": {
    "criteria": {
      "has_iron": "2024-05-16 03:05:08 +0000"
    },
    "done": true
  },
  "minecraft:recipes/tools/iron_shovel": {
    "criteria": {
      "has_iron_ingot": "2024-05-16 03:05:08 +0000"
    },
    "done": true
  },
  "minecraft:recipes/decorations/item_frame": {
    "criteria": {
      "has_leather": "2024-05-16 03:13:02 +0000"
    },
    "done": true
  },
  "minecraft:recipes/food/baked_potato_from_smoking": {
    "criteria": {
      "has_potato": "2024-05-16 03:10:23 +0000"
    },
    "done": true
  },
  "minecraft:story/upgrade_tools": {
    "criteria": {
      "stone_pickaxe": "2024-05-16 02:33:05 +0000"
    },
    "done": true
  },
  "skilltree:recipes/combat/bone_quiver": {
    "criteria": {
      "has_bone": "2024-05-16 03:19:21 +0000"
    },
    "done": true
  },
  "sophisticatedbackpacks:recipes/misc/upgrade_base": {
    "criteria": {
      "has_leather": "2024-05-16 03:13:02 +0000"
    },
    "done": true
  },
  "securitycraft:recipes/misc/smart_module": {
    "criteria": {
      "has_iron": "2024-05-16 03:05:08 +0000"
    },
    "done": true
  },
  "minecraft:recipes/transportation/carrot_on_a_stick": {
    "criteria": {
      "has_carrot": "2024-05-16 03:10:29 +0000"
    },
    "done": true
  },
  "sophisticatedbackpacks:recipes/misc/copper_backpack": {
    "criteria": {
      "has_backpack": "2024-05-16 03:25:46 +0000"
    },
    "done": true
  },
  "minecraft:recipes/food/cooked_mutton_from_campfire_cooking": {
    "criteria": {
      "has_mutton": "2024-05-16 03:01:15 +0000"
    },
    "done": true
  },
  "minecraft:recipes/building_blocks/yellow_concrete_powder": {
    "criteria": {
      "has_gravel": "2024-05-16 02:40:49 +0000"
    },
    "done": true
  },
  "skilltree:recipes/misc/traveler_necklace": {
    "criteria": {
      "has_feather": "2024-05-16 02:36:34 +0000"
    },
    "done": true
  },
  "securitycraft:recipes/misc/trophy_system": {
    "criteria": {
      "has_iron": "2024-05-16 03:05:08 +0000"
    },
    "done": true
  },
  "minecraft:recipes/transportation/acacia_boat": {
    "criteria": {
      "in_water": "2024-05-16 02:41:30 +0000"
    },
    "done": true
  },
  "minecraft:recipes/redstone/iron_trapdoor": {
    "criteria": {
      "has_iron_ingot": "2024-05-16 03:05:08 +0000"
    },
    "done": true
  },
  "minecraft:recipes/building_blocks/white_wool_from_string": {
    "criteria": {
      "has_string": "2024-05-16 03:20:54 +0000"
    },
    "done": true
  },
  "minecraft:recipes/misc/iron_ingot_from_blasting_raw_iron": {
    "criteria": {
      "has_raw_iron": "2024-05-16 03:03:31 +0000"
    },
    "done": true
  },
  "minecraft:recipes/building_blocks/gray_concrete_powder": {
    "criteria": {
      "has_gravel": "2024-05-16 02:40:49 +0000"
    },
    "done": true
  },
  "minecraft:recipes/tools/iron_axe": {
    "criteria": {
      "has_iron_ingot": "2024-05-16 03:05:08 +0000"
    },
    "done": true
  },
  "minecraft:recipes/building_blocks/black_concrete_powder": {
    "criteria": {
      "has_gravel": "2024-05-16 02:40:49 +0000"
    },
    "done": true
  },
  "minecraft:recipes/decorations/cartography_table": {
    "criteria": {
      "has_paper": "2024-05-16 03:27:21 +0000"
    },
    "done": true
  },
  "minecraft:recipes/combat/crossbow": {
    "criteria": {
      "has_iron_ingot": "2024-05-16 03:05:08 +0000"
    },
    "done": true
  },
  "minecraft:recipes/food/cooked_porkchop_from_smoking": {
    "criteria": {
      "has_porkchop": "2024-05-16 02:36:14 +0000"
    },
    "done": true
  },
  "minecraft:recipes/misc/iron_nugget_from_blasting": {
    "criteria": {
      "has_iron_pickaxe": "2024-05-16 03:05:19 +0000"
    },
    "done": true
  },
  "minecraft:recipes/combat/leather_boots": {
    "criteria": {
      "has_leather": "2024-05-16 03:13:02 +0000"
    },
    "done": true
  },
  "minecraft:recipes/decorations/white_bed": {
    "criteria": {
      "has_white_wool": "2024-05-16 03:01:15 +0000"
    },
    "done": true
  },
  "securitycraft:recipes/misc/speed_module": {
    "criteria": {
      "has_iron": "2024-05-16 03:05:08 +0000"
    },
    "done": true
  },
  "minecraft:recipes/misc/firework_rocket_simple": {
    "criteria": {
      "has_gunpowder": "2024-05-16 03:27:10 +0000"
    },
    "done": true
  },
  "skilltree:recipes/combat/armored_quiver": {
    "criteria": {
      "has_ingots_iron": "2024-05-16 03:05:08 +0000"
    },
    "done": true
  },
  "minecraft:husbandry/balanced_diet": {
    "criteria": {
      "cooked_porkchop": "2024-05-16 02:38:35 +0000",
      "cooked_mutton": "2024-05-16 03:04:36 +0000",
      "bread": "2024-05-16 03:20:31 +0000",
      "cooked_chicken": "2024-05-16 02:41:27 +0000"
    },
    "done": false
  },
  "securitycraft:recipes/misc/camera_monitor": {
    "criteria": {
      "has_iron": "2024-05-16 03:05:08 +0000"
    },
    "done": true
  },
  "minecraft:recipes/redstone/tnt": {
    "criteria": {
      "has_gunpowder": "2024-05-16 03:27:10 +0000"
    },
    "done": true
  },
  "minecraft:recipes/building_blocks/purple_concrete_powder": {
    "criteria": {
      "has_gravel": "2024-05-16 02:40:49 +0000"
    },
    "done": true
  },
  "securitycraft:recipes/misc/redstone_module": {
    "criteria": {
      "has_iron": "2024-05-16 03:05:08 +0000"
    },
    "done": true
  },
  "minecraft:recipes/building_blocks/cyan_concrete_powder": {
    "criteria": {
      "has_gravel": "2024-05-16 02:40:49 +0000"
    },
    "done": true
  },
  "minecraft:recipes/decorations/loom": {
    "criteria": {
      "has_string": "2024-05-16 03:20:54 +0000"
    },
    "done": true
  },
  "securitycraft:recipes/misc/door_indestructible_iron_item": {
    "criteria": {
      "has_iron": "2024-05-16 03:05:08 +0000"
    },
    "done": true
  },
  "minecraft:recipes/food/cooked_beef": {
    "criteria": {
      "has_beef": "2024-05-16 03:10:36 +0000"
    },
    "done": true
  },
  "minecraft:recipes/redstone/iron_door": {
    "criteria": {
      "has_iron_ingot": "2024-05-16 03:05:08 +0000"
    },
    "done": true
  },
  "securitycraft:recipes/tools/universal_block_remover": {
    "criteria": {
      "has_iron": "2024-05-16 03:05:08 +0000"
    },
    "done": true
  },
  "minecraft:recipes/misc/iron_ingot_from_nuggets": {
    "criteria": {
      "has_iron_nugget": "2024-05-16 03:26:53 +0000"
    },
    "done": true
  },
  "minecraft:recipes/transportation/jungle_boat": {
    "criteria": {
      "in_water": "2024-05-16 02:41:30 +0000"
    },
    "done": true
  },
  "minecraft:recipes/redstone/heavy_weighted_pressure_plate": {
    "criteria": {
      "has_iron_ingot": "2024-05-16 03:05:08 +0000"
    },
    "done": true
  },
  "minecraft:recipes/transportation/dark_oak_boat": {
    "criteria": {
      "in_water": "2024-05-16 02:41:30 +0000"
    },
    "done": true
  },
  "skilltree:recipes/misc/iron_ring": {
    "criteria": {
      "has_nuggets_iron": "2024-05-16 03:26:53 +0000"
    },
    "done": true
  },
  "minecraft:recipes/food/cooked_beef_from_campfire_cooking": {
    "criteria": {
      "has_beef": "2024-05-16 03:10:36 +0000"
    },
    "done": true
  },
  "sophisticatedbackpacks:recipes/misc/iron_backpack": {
    "criteria": {
      "has_backpack": "2024-05-16 03:25:46 +0000"
    },
    "done": true
  },
  "DataVersion": 3465
}