{
  "minecraft:recipes/decorations/crafting_table": {
    "criteria": {
      "unlock_right_away": "2024-05-15 18:31:57 +0000"
    },
    "done": true
  },
  "minecraft:adventure/adventuring_time": {
    "criteria": {
      "minecraft:taiga": "2024-05-15 18:48:49 +0000",
      "minecraft:cherry_grove": "2024-05-15 19:04:34 +0000",
      "minecraft:river": "2024-05-15 18:48:08 +0000",
      "minecraft:snowy_plains": "2024-05-15 18:47:51 +0000",
      "minecraft:stony_shore": "2024-05-15 18:48:36 +0000",
      "minecraft:grove": "2024-05-15 18:49:41 +0000",
      "minecraft:forest": "2024-05-15 18:52:35 +0000",
      "minecraft:meadow": "2024-05-15 18:56:27 +0000",
      "minecraft:plains": "2024-05-15 18:31:58 +0000"
    },
    "done": false
  },
  "minecraft:recipes/transportation/mangrove_boat": {
    "criteria": {
      "in_water": "2024-05-15 18:43:26 +0000"
    },
    "done": true
  },
  "minecraft:recipes/transportation/acacia_boat": {
    "criteria": {
      "in_water": "2024-05-15 18:43:26 +0000"
    },
    "done": true
  },
  "minecraft:recipes/transportation/cherry_boat": {
    "criteria": {
      "in_water": "2024-05-15 18:43:26 +0000"
    },
    "done": true
  },
  "minecraft:recipes/transportation/bamboo_raft": {
    "criteria": {
      "in_water": "2024-05-15 18:43:26 +0000"
    },
    "done": true
  },
  "minecraft:recipes/transportation/spruce_boat": {
    "criteria": {
      "in_water": "2024-05-15 18:43:26 +0000"
    },
    "done": true
  },
  "minecraft:recipes/transportation/birch_boat": {
    "criteria": {
      "in_water": "2024-05-15 18:43:26 +0000"
    },
    "done": true
  },
  "minecraft:recipes/transportation/oak_boat": {
    "criteria": {
      "in_water": "2024-05-15 18:43:26 +0000"
    },
    "done": true
  },
  "minecraft:recipes/transportation/jungle_boat": {
    "criteria": {
      "in_water": "2024-05-15 18:43:26 +0000"
    },
    "done": true
  },
  "minecraft:recipes/transportation/dark_oak_boat": {
    "criteria": {
      "in_water": "2024-05-15 18:43:26 +0000"
    },
    "done": true
  },
  "minecraft:recipes/building_blocks/spruce_planks": {
    "criteria": {
      "has_logs": "2024-05-15 18:49:58 +0000"
    },
    "done": true
  },
  "minecraft:recipes/misc/charcoal": {
    "criteria": {
      "has_log": "2024-05-15 18:49:58 +0000"
    },
    "done": true
  },
  "minecraft:recipes/building_blocks/spruce_wood": {
    "criteria": {
      "has_log": "2024-05-15 18:49:58 +0000"
    },
    "done": true
  },
  "minecraft:recipes/redstone/spruce_button": {
    "criteria": {
      "has_planks": "2024-05-15 18:50:12 +0000"
    },
    "done": true
  },
  "minecraft:recipes/redstone/spruce_pressure_plate": {
    "criteria": {
      "has_planks": "2024-05-15 18:50:12 +0000"
    },
    "done": true
  },
  "minecraft:recipes/decorations/spruce_sign": {
    "criteria": {
      "has_planks": "2024-05-15 18:50:12 +0000"
    },
    "done": true
  },
  "minecraft:recipes/redstone/spruce_trapdoor": {
    "criteria": {
      "has_planks": "2024-05-15 18:50:12 +0000"
    },
    "done": true
  },
  "minecraft:recipes/redstone/spruce_door": {
    "criteria": {
      "has_planks": "2024-05-15 18:50:12 +0000"
    },
    "done": true
  },
  "minecraft:recipes/redstone/spruce_fence_gate": {
    "criteria": {
      "has_planks": "2024-05-15 18:50:12 +0000"
    },
    "done": true
  },
  "minecraft:recipes/misc/stick": {
    "criteria": {
      "has_planks": "2024-05-15 18:50:12 +0000"
    },
    "done": true
  },
  "minecraft:recipes/decorations/barrel": {
    "criteria": {
      "has_planks": "2024-05-15 18:50:12 +0000"
    },
    "done": true
  },
  "minecraft:recipes/decorations/spruce_fence": {
    "criteria": {
      "has_planks": "2024-05-15 18:50:12 +0000"
    },
    "done": true
  },
  "minecraft:recipes/building_blocks/spruce_stairs": {
    "criteria": {
      "has_planks": "2024-05-15 18:50:12 +0000"
    },
    "done": true
  },
  "minecraft:recipes/building_blocks/spruce_slab": {
    "criteria": {
      "has_planks": "2024-05-15 18:50:12 +0000"
    },
    "done": true
  },
  "minecraft:story/root": {
    "criteria": {
      "crafting_table": "2024-05-15 18:50:53 +0000"
    },
    "done": true
  },
  "minecraft:recipes/decorations/ladder": {
    "criteria": {
      "has_stick": "2024-05-15 18:50:57 +0000"
    },
    "done": true
  },
  "minecraft:recipes/decorations/campfire": {
    "criteria": {
      "has_stick": "2024-05-15 18:50:57 +0000"
    },
    "done": true
  },
  "minecraft:recipes/tools/wooden_hoe": {
    "criteria": {
      "has_stick": "2024-05-15 18:50:57 +0000"
    },
    "done": true
  },
  "minecraft:recipes/tools/wooden_pickaxe": {
    "criteria": {
      "has_stick": "2024-05-15 18:50:57 +0000"
    },
    "done": true
  },
  "minecraft:recipes/tools/wooden_axe": {
    "criteria": {
      "has_stick": "2024-05-15 18:50:57 +0000"
    },
    "done": true
  },
  "minecraft:recipes/tools/wooden_shovel": {
    "criteria": {
      "has_stick": "2024-05-15 18:50:57 +0000"
    },
    "done": true
  },
  "minecraft:recipes/combat/wooden_sword": {
    "criteria": {
      "has_stick": "2024-05-15 18:50:57 +0000"
    },
    "done": true
  },
  "minecraft:recipes/building_blocks/coal_block": {
    "criteria": {
      "has_coal": "2024-05-15 18:54:18 +0000"
    },
    "done": true
  },
  "minecraft:recipes/redstone/lever": {
    "criteria": {
      "has_cobblestone": "2024-05-15 18:55:36 +0000"
    },
    "done": true
  },
  "minecraft:recipes/combat/stone_sword": {
    "criteria": {
      "has_cobblestone": "2024-05-15 18:55:36 +0000"
    },
    "done": true
  },
  "minecraft:recipes/decorations/cobblestone_wall": {
    "criteria": {
      "has_cobblestone": "2024-05-15 18:55:36 +0000"
    },
    "done": true
  },
  "minecraft:recipes/tools/stone_pickaxe": {
    "criteria": {
      "has_cobblestone": "2024-05-15 18:55:36 +0000"
    },
    "done": true
  },
  "minecraft:recipes/tools/stone_axe": {
    "criteria": {
      "has_cobblestone": "2024-05-15 18:55:36 +0000"
    },
    "done": true
  },
  "minecraft:story/mine_stone": {
    "criteria": {
      "get_stone": "2024-05-15 18:55:36 +0000"
    },
    "done": true
  },
  "minecraft:recipes/decorations/furnace": {
    "criteria": {
      "has_cobblestone": "2024-05-15 18:55:36 +0000"
    },
    "done": true
  },
  "minecraft:recipes/building_blocks/cobblestone_slab": {
    "criteria": {
      "has_cobblestone": "2024-05-15 18:55:36 +0000"
    },
    "done": true
  },
  "minecraft:recipes/building_blocks/cobblestone_slab_from_cobblestone_stonecutting": {
    "criteria": {
      "has_cobblestone": "2024-05-15 18:55:36 +0000"
    },
    "done": true
  },
  "minecraft:recipes/building_blocks/stone": {
    "criteria": {
      "has_cobblestone": "2024-05-15 18:55:36 +0000"
    },
    "done": true
  },
  "minecraft:recipes/decorations/cobblestone_wall_from_cobblestone_stonecutting": {
    "criteria": {
      "has_cobblestone": "2024-05-15 18:55:36 +0000"
    },
    "done": true
  },
  "minecraft:recipes/building_blocks/cobblestone_stairs_from_cobblestone_stonecutting": {
    "criteria": {
      "has_cobblestone": "2024-05-15 18:55:36 +0000"
    },
    "done": true
  },
  "minecraft:recipes/building_blocks/cobblestone_stairs": {
    "criteria": {
      "has_cobblestone": "2024-05-15 18:55:36 +0000"
    },
    "done": true
  },
  "minecraft:recipes/tools/stone_hoe": {
    "criteria": {
      "has_cobblestone": "2024-05-15 18:55:36 +0000"
    },
    "done": true
  },
  "minecraft:recipes/tools/stone_shovel": {
    "criteria": {
      "has_cobblestone": "2024-05-15 18:55:36 +0000"
    },
    "done": true
  },
  "minecraft:adventure/sleep_in_bed": {
    "criteria": {
      "slept_in_bed": "2024-05-15 18:57:02 +0000"
    },
    "done": true
  },
  "minecraft:adventure/root": {
    "criteria": {
      "killed_by_something": "2024-05-15 18:57:13 +0000"
    },
    "done": true
  },
  "minecraft:recipes/decorations/chest": {
    "criteria": {
      "has_lots_of_items": "2024-05-15 18:57:34 +0000"
    },
    "done": true
  },
  "minecraft:adventure/kill_all_mobs": {
    "criteria": {
      "minecraft:spider": "2024-05-15 18:57:51 +0000",
      "minecraft:zombie": "2024-05-15 18:57:46 +0000"
    },
    "done": false
  },
  "minecraft:adventure/kill_a_mob": {
    "criteria": {
      "minecraft:zombie": "2024-05-15 18:57:46 +0000"
    },
    "done": true
  },
  "minecraft:husbandry/balanced_diet": {
    "criteria": {
      "sweet_berries": "2024-05-15 18:57:56 +0000"
    },
    "done": false
  },
  "minecraft:husbandry/root": {
    "criteria": {
      "consumed_item": "2024-05-15 18:57:56 +0000"
    },
    "done": true
  },
  "minecraft:recipes/decorations/fletching_table": {
    "criteria": {
      "has_flint": "2024-05-15 19:03:37 +0000"
    },
    "done": true
  },
  "minecraft:recipes/tools/flint_and_steel": {
    "criteria": {
      "has_flint": "2024-05-15 19:03:37 +0000"
    },
    "done": true
  },
  "minecraft:recipes/combat/arrow": {
    "criteria": {
      "has_flint": "2024-05-15 19:03:37 +0000"
    },
    "done": true
  },
  "minecraft:recipes/decorations/lantern": {
    "criteria": {
      "has_iron_nugget": "2024-05-15 19:03:38 +0000"
    },
    "done": true
  },
  "minecraft:story/form_obsidian": {
    "criteria": {
      "obsidian": "2024-05-15 19:03:38 +0000"
    },
    "done": true
  },
  "minecraft:recipes/decorations/chain": {
    "criteria": {
      "has_iron_nugget": "2024-05-15 19:03:38 +0000"
    },
    "done": true
  },
  "minecraft:recipes/decorations/enchanting_table": {
    "criteria": {
      "has_obsidian": "2024-05-15 19:03:38 +0000"
    },
    "done": true
  },
  "minecraft:recipes/misc/iron_ingot_from_nuggets": {
    "criteria": {
      "has_iron_nugget": "2024-05-15 19:03:38 +0000"
    },
    "done": true
  },
  "minecraft:recipes/misc/pink_dye_from_pink_petals": {
    "criteria": {
      "has_pink_petals": "2024-05-15 19:11:28 +0000"
    },
    "done": true
  },
  "composite_material:recipes/composite_material/etherite_nugget": {
    "criteria": {
      "crafting_table": "2024-05-16 01:32:45 +0000"
    },
    "done": true
  },
  "composite_material:recipes/composite_material/copper_leggings": {
    "criteria": {
      "crafting_table": "2024-05-16 01:32:45 +0000"
    },
    "done": true
  },
  "composite_material:recipes/composite_material/copper_chestplate": {
    "criteria": {
      "crafting_table": "2024-05-16 01:32:45 +0000"
    },
    "done": true
  },
  "composite_material:recipes/composite_material/dungeon_steel_ingot_from_block": {
    "criteria": {
      "crafting_table": "2024-05-16 01:32:45 +0000"
    },
    "done": true
  },
  "composite_material:recipes/composite_material/obsidian_boots": {
    "criteria": {
      "crafting_table": "2024-05-16 01:32:45 +0000"
    },
    "done": true
  },
  "composite_material:recipes/composite_material/perkin": {
    "criteria": {
      "crafting_table": "2024-05-16 01:32:45 +0000"
    },
    "done": true
  },
  "composite_material:recipes/composite_material/sonic_boom_wand": {
    "criteria": {
      "crafting_table": "2024-05-16 01:32:45 +0000"
    },
    "done": true
  },
  "composite_material:recipes/composite_material/dungeon_sword": {
    "criteria": {
      "crafting_table": "2024-05-16 01:32:45 +0000"
    },
    "done": true
  },
  "composite_material:recipes/composite_material/allay_steel_boots": {
    "criteria": {
      "crafting_table": "2024-05-16 01:32:45 +0000"
    },
    "done": true
  },
  "composite_material:recipes/composite_material/purifichanted_book": {
    "criteria": {
      "crafting_table": "2024-05-16 01:32:45 +0000"
    },
    "done": true
  },
  "composite_material:recipes/composite_material/obsidian_leggings": {
    "criteria": {
      "crafting_table": "2024-05-16 01:32:45 +0000"
    },
    "done": true
  },
  "composite_material:recipes/composite_material/copper_hoe_2": {
    "criteria": {
      "crafting_table": "2024-05-16 01:32:45 +0000"
    },
    "done": true
  },
  "composite_material:recipes/composite_material/obsidian_steel_block": {
    "criteria": {
      "crafting_table": "2024-05-16 01:32:45 +0000"
    },
    "done": true
  },
  "composite_material:recipes/composite_material/dungeon_steel_ingot_from_nugget": {
    "criteria": {
      "crafting_table": "2024-05-16 01:32:45 +0000"
    },
    "done": true
  },
  "composite_material:recipes/composite_material/etherite_sword": {
    "criteria": {
      "crafting_table": "2024-05-16 01:32:45 +0000"
    },
    "done": true
  },
  "composite_material:recipes/composite_material/etherite_block": {
    "criteria": {
      "crafting_table": "2024-05-16 01:32:45 +0000"
    },
    "done": true
  },
  "composite_material:recipes/composite_material/obsidian_steel_ingot": {
    "criteria": {
      "crafting_table": "2024-05-16 01:32:45 +0000"
    },
    "done": true
  },
  "composite_material:recipes/composite_material/echoium_helmet": {
    "criteria": {
      "crafting_table": "2024-05-16 01:32:45 +0000"
    },
    "done": true
  },
  "composite_material:recipes/composite_material/etherite_ingot": {
    "criteria": {
      "crafting_table": "2024-05-16 01:32:45 +0000"
    },
    "done": true
  },
  "composite_material:recipes/composite_material/obsidian_helmet": {
    "criteria": {
      "crafting_table": "2024-05-16 01:32:45 +0000"
    },
    "done": true
  },
  "composite_material:recipes/composite_material/dungeon_axe": {
    "criteria": {
      "crafting_table": "2024-05-16 01:32:45 +0000"
    },
    "done": true
  },
  "composite_material:recipes/composite_material/copper_axe_2": {
    "criteria": {
      "crafting_table": "2024-05-16 01:32:45 +0000"
    },
    "done": true
  },
  "composite_material:recipes/composite_material/echoium_hoe": {
    "criteria": {
      "crafting_table": "2024-05-16 01:32:45 +0000"
    },
    "done": true
  },
  "securitycraft:recipes/redstone/laser_block": {
    "criteria": {
      "has_stone": "2024-05-16 01:32:45 +0000"
    },
    "done": true
  },
  "composite_material:recipes/composite_material/reinforced_book": {
    "criteria": {
      "crafting_table": "2024-05-16 01:32:45 +0000"
    },
    "done": true
  },
  "composite_material:recipes/composite_material/flint_axe": {
    "criteria": {
      "crafting_table": "2024-05-16 01:32:45 +0000"
    },
    "done": true
  },
  "composite_material:recipes/composite_material/amethyst_pickaxe": {
    "criteria": {
      "crafting_table": "2024-05-16 01:32:45 +0000"
    },
    "done": true
  },
  "composite_material:recipes/composite_material/disc_sword": {
    "criteria": {
      "crafting_table": "2024-05-16 01:32:45 +0000"
    },
    "done": true
  },
  "securitycraft:recipes/building_blocks/reinforced_andesite_with_vanilla_diorite": {
    "criteria": {
      "has_cobblestone": "2024-05-16 01:32:45 +0000"
    },
    "done": true
  },
  "composite_material:recipes/composite_material/flint_shovel": {
    "criteria": {
      "crafting_table": "2024-05-16 01:32:45 +0000"
    },
    "done": true
  },
  "composite_material:recipes/composite_material/amethyst_hoe": {
    "criteria": {
      "crafting_table": "2024-05-16 01:32:45 +0000"
    },
    "done": true
  },
  "composite_material:recipes/composite_material/etherite_totem": {
    "criteria": {
      "crafting_table": "2024-05-16 01:32:45 +0000"
    },
    "done": true
  },
  "composite_material:recipes/composite_material/allay_steel_chestplate": {
    "criteria": {
      "crafting_table": "2024-05-16 01:32:45 +0000"
    },
    "done": true
  },
  "composite_material:recipes/composite_material/prismarine_alloy_ingot": {
    "criteria": {
      "crafting_table": "2024-05-16 01:32:45 +0000"
    },
    "done": true
  },
  "composite_material:recipes/composite_material/amethyst_shovel": {
    "criteria": {
      "crafting_table": "2024-05-16 01:32:45 +0000"
    },
    "done": true
  },
  "composite_material:recipes/composite_material/obsidian_pickaxe": {
    "criteria": {
      "crafting_table": "2024-05-16 01:32:45 +0000"
    },
    "done": true
  },
  "composite_material:recipes/composite_material/obsidian_shovel": {
    "criteria": {
      "crafting_table": "2024-05-16 01:32:45 +0000"
    },
    "done": true
  },
  "composite_material:recipes/composite_material/obsidian_chestplate": {
    "criteria": {
      "crafting_table": "2024-05-16 01:32:45 +0000"
    },
    "done": true
  },
  "composite_material:recipes/composite_material/etherite_hoe": {
    "criteria": {
      "crafting_table": "2024-05-16 01:32:45 +0000"
    },
    "done": true
  },
  "composite_material:recipes/composite_material/amethyst_chestplate": {
    "criteria": {
      "crafting_table": "2024-05-16 01:32:45 +0000"
    },
    "done": true
  },
  "composite_material:recipes/composite_material/obsidian_hoe_2": {
    "criteria": {
      "crafting_table": "2024-05-16 01:32:45 +0000"
    },
    "done": true
  },
  "composite_material:recipes/composite_material/etherite_axe_2": {
    "criteria": {
      "crafting_table": "2024-05-16 01:32:45 +0000"
    },
    "done": true
  },
  "securitycraft:recipes/building_blocks/reinforced_andesite_with_vanilla_cobblestone": {
    "criteria": {
      "has_cobblestone": "2024-05-16 01:32:45 +0000"
    },
    "done": true
  },
  "composite_material:recipes/composite_material/echoium_leggings": {
    "criteria": {
      "crafting_table": "2024-05-16 01:32:45 +0000"
    },
    "done": true
  },
  "composite_material:recipes/composite_material/obsidian_hoe": {
    "criteria": {
      "crafting_table": "2024-05-16 01:32:45 +0000"
    },
    "done": true
  },
  "composite_material:recipes/composite_material/dungeon_pickaxe": {
    "criteria": {
      "crafting_table": "2024-05-16 01:32:45 +0000"
    },
    "done": true
  },
  "composite_material:recipes/composite_material/copper_shovel": {
    "criteria": {
      "crafting_table": "2024-05-16 01:32:45 +0000"
    },
    "done": true
  },
  "composite_material:recipes/composite_material/allay_steel_ingot_from_nugget": {
    "criteria": {
      "crafting_table": "2024-05-16 01:32:45 +0000"
    },
    "done": true
  },
  "composite_material:recipes/composite_material/amethyst_boots": {
    "criteria": {
      "crafting_table": "2024-05-16 01:32:45 +0000"
    },
    "done": true
  },
  "composite_material:recipes/composite_material/copper_axe": {
    "criteria": {
      "crafting_table": "2024-05-16 01:32:45 +0000"
    },
    "done": true
  },
  "cataclysm:root": {
    "criteria": {
      "custom_test_name": "2024-05-16 01:32:45 +0000"
    },
    "done": true
  },
  "composite_material:recipes/composite_material/etherite_hoe_2": {
    "criteria": {
      "crafting_table": "2024-05-16 01:32:45 +0000"
    },
    "done": true
  },
  "composite_material:recipes/composite_material/obsidian_sword": {
    "criteria": {
      "crafting_table": "2024-05-16 01:32:45 +0000"
    },
    "done": true
  },
  "composite_material:recipes/composite_material/dungeon_steel_block": {
    "criteria": {
      "crafting_table": "2024-05-16 01:32:45 +0000"
    },
    "done": true
  },
  "composite_material:recipes/composite_material/allay_steel_leggings": {
    "criteria": {
      "crafting_table": "2024-05-16 01:32:45 +0000"
    },
    "done": true
  },
  "composite_material:recipes/composite_material/echoium_axe": {
    "criteria": {
      "crafting_table": "2024-05-16 01:32:45 +0000"
    },
    "done": true
  },
  "composite_material:recipes/composite_material/copper_hoe": {
    "criteria": {
      "crafting_table": "2024-05-16 01:32:45 +0000"
    },
    "done": true
  },
  "composite_material:recipes/composite_material/etherite_totem_2": {
    "criteria": {
      "crafting_table": "2024-05-16 01:32:45 +0000"
    },
    "done": true
  },
  "composite_material:recipes/composite_material/etherite_leggings": {
    "criteria": {
      "crafting_table": "2024-05-16 01:32:45 +0000"
    },
    "done": true
  },
  "composite_material:recipes/combat/trident": {
    "criteria": {
      "crafting_table": "2024-05-16 01:32:45 +0000"
    },
    "done": true
  },
  "composite_material:recipes/composite_material/allay_steel_shovel": {
    "criteria": {
      "crafting_table": "2024-05-16 01:32:45 +0000"
    },
    "done": true
  },
  "composite_material:recipes/composite_material/allay_steel_axe_2": {
    "criteria": {
      "crafting_table": "2024-05-16 01:32:45 +0000"
    },
    "done": true
  },
  "composite_material:recipes/composite_material/echoium_ingot_from_block": {
    "criteria": {
      "crafting_table": "2024-05-16 01:32:45 +0000"
    },
    "done": true
  },
  "composite_material:recipes/composite_material/obsidian_steel_ingot_from_block": {
    "criteria": {
      "crafting_table": "2024-05-16 01:32:45 +0000"
    },
    "done": true
  },
  "dungeons_arise:wda_root": {
    "criteria": {
      "WDA": "2024-05-16 01:32:45 +0000"
    },
    "done": true
  },
  "composite_material:recipes/composite_material/amethyst_hoe_2": {
    "criteria": {
      "crafting_table": "2024-05-16 01:32:45 +0000"
    },
    "done": true
  },
  "composite_material:recipes/composite_material/flint_sword": {
    "criteria": {
      "crafting_table": "2024-05-16 01:32:45 +0000"
    },
    "done": true
  },
  "composite_material:recipes/composite_material/echoium_nugget": {
    "criteria": {
      "crafting_table": "2024-05-16 01:32:45 +0000"
    },
    "done": true
  },
  "composite_material:recipes/composite_material/allay_steel_axe": {
    "criteria": {
      "crafting_table": "2024-05-16 01:32:45 +0000"
    },
    "done": true
  },
  "composite_material:recipes/composite_material/allay_steel_nugget": {
    "criteria": {
      "crafting_table": "2024-05-16 01:32:45 +0000"
    },
    "done": true
  },
  "composite_material:recipes/composite_material/echoium_sword": {
    "criteria": {
      "crafting_table": "2024-05-16 01:32:45 +0000"
    },
    "done": true
  },
  "composite_material:recipes/composite_material/etherite_chestplate": {
    "criteria": {
      "crafting_table": "2024-05-16 01:32:45 +0000"
    },
    "done": true
  },
  "composite_material:recipes/composite_material/abyss_blade": {
    "criteria": {
      "crafting_table": "2024-05-16 01:32:45 +0000"
    },
    "done": true
  },
  "composite_material:recipes/composite_material/heart_of_the_dry": {
    "criteria": {
      "crafting_table": "2024-05-16 01:32:45 +0000"
    },
    "done": true
  },
  "composite_material:recipes/composite_material/etherite_ingot_from_nugget": {
    "criteria": {
      "crafting_table": "2024-05-16 01:32:45 +0000"
    },
    "done": true
  },
  "composite_material:recipes/composite_material/lacerator": {
    "criteria": {
      "crafting_table": "2024-05-16 01:32:45 +0000"
    },
    "done": true
  },
  "composite_material:recipes/composite_material/copper_boots": {
    "criteria": {
      "crafting_table": "2024-05-16 01:32:45 +0000"
    },
    "done": true
  },
  "composite_material:recipes/composite_material/echoium_pickaxe": {
    "criteria": {
      "crafting_table": "2024-05-16 01:32:45 +0000"
    },
    "done": true
  },
  "composite_material:recipes/composite_material/allay_steel_hoe_2": {
    "criteria": {
      "crafting_table": "2024-05-16 01:32:45 +0000"
    },
    "done": true
  },
  "composite_material:recipes/composite_material/copper_pickaxe": {
    "criteria": {
      "crafting_table": "2024-05-16 01:32:45 +0000"
    },
    "done": true
  },
  "composite_material:recipes/composite_material/echoium_boots": {
    "criteria": {
      "crafting_table": "2024-05-16 01:32:45 +0000"
    },
    "done": true
  },
  "composite_material:recipes/composite_material/etherite_ingot_from_block": {
    "criteria": {
      "crafting_table": "2024-05-16 01:32:45 +0000"
    },
    "done": true
  },
  "composite_material:recipes/composite_material/etherite_pickaxe": {
    "criteria": {
      "crafting_table": "2024-05-16 01:32:45 +0000"
    },
    "done": true
  },
  "composite_material:recipes/composite_material/flint_hoe": {
    "criteria": {
      "crafting_table": "2024-05-16 01:32:45 +0000"
    },
    "done": true
  },
  "composite_material:recipes/composite_material/dungeon_hammer": {
    "criteria": {
      "crafting_table": "2024-05-16 01:32:45 +0000"
    },
    "done": true
  },
  "composite_material:recipes/composite_material/obsidian_axe_2": {
    "criteria": {
      "crafting_table": "2024-05-16 01:32:45 +0000"
    },
    "done": true
  },
  "composite_material:recipes/composite_material/duplichanted_book": {
    "criteria": {
      "crafting_table": "2024-05-16 01:32:45 +0000"
    },
    "done": true
  },
  "composite_material:recipes/composite_material/echoium_ingot": {
    "criteria": {
      "crafting_table": "2024-05-16 01:32:45 +0000"
    },
    "done": true
  },
  "composite_material:recipes/composite_material/sepachanted_book": {
    "criteria": {
      "crafting_table": "2024-05-16 01:32:45 +0000"
    },
    "done": true
  },
  "composite_material:recipes/composite_material/allay_steel_helmet": {
    "criteria": {
      "crafting_table": "2024-05-16 01:32:45 +0000"
    },
    "done": true
  },
  "composite_material:recipes/composite_material/echoium_block": {
    "criteria": {
      "crafting_table": "2024-05-16 01:32:45 +0000"
    },
    "done": true
  },
  "composite_material:recipes/composite_material/etherite_helmet": {
    "criteria": {
      "crafting_table": "2024-05-16 01:32:45 +0000"
    },
    "done": true
  },
  "composite_material:recipes/composite_material/flint_hoe_2": {
    "criteria": {
      "crafting_table": "2024-05-16 01:32:45 +0000"
    },
    "done": true
  },
  "composite_material:recipes/composite_material/echoium_ingot_from_nugget": {
    "criteria": {
      "crafting_table": "2024-05-16 01:32:45 +0000"
    },
    "done": true
  },
  "composite_material:recipes/composite_material/amethyst_sword": {
    "criteria": {
      "crafting_table": "2024-05-16 01:32:45 +0000"
    },
    "done": true
  },
  "composite_material:recipes/composite_material/allay_steel_ingot_from_block": {
    "criteria": {
      "crafting_table": "2024-05-16 01:32:45 +0000"
    },
    "done": true
  },
  "composite_material:recipes/composite_material/disc_pickaxe": {
    "criteria": {
      "crafting_table": "2024-05-16 01:32:45 +0000"
    },
    "done": true
  },
  "composite_material:recipes/composite_material/flint_pickaxe": {
    "criteria": {
      "crafting_table": "2024-05-16 01:32:45 +0000"
    },
    "done": true
  },
  "securitycraft:recipes/building_blocks/reinforced_andesite": {
    "criteria": {
      "has_cobblestone": "2024-05-16 01:32:45 +0000"
    },
    "done": true
  },
  "composite_material:recipes/composite_material/echoium_shovel": {
    "criteria": {
      "crafting_table": "2024-05-16 01:32:45 +0000"
    },
    "done": true
  },
  "composite_material:recipes/composite_material/copper_sword": {
    "criteria": {
      "crafting_table": "2024-05-16 01:32:45 +0000"
    },
    "done": true
  },
  "composite_material:recipes/composite_material/obsidian_axe": {
    "criteria": {
      "crafting_table": "2024-05-16 01:32:45 +0000"
    },
    "done": true
  },
  "composite_material:recipes/composite_material/amethyst_leggings": {
    "criteria": {
      "crafting_table": "2024-05-16 01:32:45 +0000"
    },
    "done": true
  },
  "composite_material:recipes/composite_material/etherite_shovel": {
    "criteria": {
      "crafting_table": "2024-05-16 01:32:45 +0000"
    },
    "done": true
  },
  "composite_material:recipes/composite_material/obsidian_steel_nugget": {
    "criteria": {
      "crafting_table": "2024-05-16 01:32:45 +0000"
    },
    "done": true
  },
  "securitycraft:recipes/building_blocks/reinforced_diorite": {
    "criteria": {
      "has_cobblestone": "2024-05-16 01:32:45 +0000"
    },
    "done": true
  },
  "composite_material:recipes/composite_material/dungeon_steel_nugget": {
    "criteria": {
      "crafting_table": "2024-05-16 01:32:45 +0000"
    },
    "done": true
  },
  "composite_material:recipes/composite_material/echoium_axe_2": {
    "criteria": {
      "crafting_table": "2024-05-16 01:32:45 +0000"
    },
    "done": true
  },
  "composite_material:recipes/composite_material/echoium_chestplate": {
    "criteria": {
      "crafting_table": "2024-05-16 01:32:45 +0000"
    },
    "done": true
  },
  "composite_material:recipes/composite_material/amethyst_axe": {
    "criteria": {
      "crafting_table": "2024-05-16 01:32:45 +0000"
    },
    "done": true
  },
  "composite_material:recipes/composite_material/dungeon_axe_2": {
    "criteria": {
      "crafting_table": "2024-05-16 01:32:45 +0000"
    },
    "done": true
  },
  "composite_material:recipes/composite_material/etherite_boots": {
    "criteria": {
      "crafting_table": "2024-05-16 01:32:45 +0000"
    },
    "done": true
  },
  "composite_material:recipes/composite_material/creative_reinforced_book": {
    "criteria": {
      "crafting_table": "2024-05-16 01:32:45 +0000"
    },
    "done": true
  },
  "composite_material:recipes/composite_material/flint_axe_2": {
    "criteria": {
      "crafting_table": "2024-05-16 01:32:45 +0000"
    },
    "done": true
  },
  "composite_material:recipes/composite_material/amethyst_helmet": {
    "criteria": {
      "crafting_table": "2024-05-16 01:32:45 +0000"
    },
    "done": true
  },
  "composite_material:recipes/composite_material/echoium_hoe_2": {
    "criteria": {
      "crafting_table": "2024-05-16 01:32:45 +0000"
    },
    "done": true
  },
  "composite_material:recipes/composite_material/allay_steel_pickaxe": {
    "criteria": {
      "crafting_table": "2024-05-16 01:32:45 +0000"
    },
    "done": true
  },
  "composite_material:recipes/composite_material/allay_steel_sword": {
    "criteria": {
      "crafting_table": "2024-05-16 01:32:45 +0000"
    },
    "done": true
  },
  "securitycraft:recipes/misc/sc_manual": {
    "criteria": {
      "has_wood": "2024-05-16 01:32:45 +0000"
    },
    "done": true
  },
  "composite_material:recipes/composite_material/allay_steel_block": {
    "criteria": {
      "crafting_table": "2024-05-16 01:32:45 +0000"
    },
    "done": true
  },
  "composite_material:recipes/composite_material/allay_steel_hoe": {
    "criteria": {
      "crafting_table": "2024-05-16 01:32:45 +0000"
    },
    "done": true
  },
  "composite_material:recipes/composite_material/obsidian_steel_ingot_from_nugget": {
    "criteria": {
      "crafting_table": "2024-05-16 01:32:45 +0000"
    },
    "done": true
  },
  "composite_material:recipes/composite_material/etherite_axe": {
    "criteria": {
      "crafting_table": "2024-05-16 01:32:45 +0000"
    },
    "done": true
  },
  "composite_material:recipes/composite_material/amethyst_axe_2": {
    "criteria": {
      "crafting_table": "2024-05-16 01:32:45 +0000"
    },
    "done": true
  },
  "composite_material:recipes/composite_material/disc_axe_2": {
    "criteria": {
      "crafting_table": "2024-05-16 01:32:45 +0000"
    },
    "done": true
  },
  "composite_material:recipes/composite_material/copper_helmet": {
    "criteria": {
      "crafting_table": "2024-05-16 01:32:45 +0000"
    },
    "done": true
  },
  "composite_material:recipes/composite_material/disc_axe": {
    "criteria": {
      "crafting_table": "2024-05-16 01:32:45 +0000"
    },
    "done": true
  },
  "composite_material:recipes/composite_material/disenchanted_book": {
    "criteria": {
      "crafting_table": "2024-05-16 01:32:45 +0000"
    },
    "done": true
  },
  "DataVersion": 3465
}