{
  "minecraft:recipes/decorations/crafting_table": {
    "criteria": {
      "unlock_right_away": "2024-05-15 14:41:16 +0000"
    },
    "done": true
  },
  "minecraft:adventure/adventuring_time": {
    "criteria": {
      "minecraft:beach": "2024-05-15 14:41:33 +0000",
      "minecraft:flower_forest": "2024-05-15 14:41:16 +0000",
      "minecraft:plains": "2024-05-15 14:59:29 +0000"
    },
    "done": false
  },
  "minecraft:nether/netherite_armor": {
    "criteria": {
      "netherite_armor": "2024-05-15 15:15:55 +0000"
    },
    "done": true
  },
  "DataVersion": 3465
}